<?xml version="1.0" encoding="utf-8"?>
<gpx xmlns="http://www.topografix.com/GPX/1/1" version="1.1" creator="">
  <trk>
    <name>Circuit 14 km</name>
    <desc/>
    <trkseg>
      <trkpt lat="46.15364" lon="4.12076"/>
      <trkpt lat="46.15363" lon="4.12061"/>
      <trkpt lat="46.15356" lon="4.12061"/>
      <trkpt lat="46.15352" lon="4.12059"/>
      <trkpt lat="46.1535" lon="4.12054"/>
      <trkpt lat="46.15345" lon="4.12002"/>
      <trkpt lat="46.15343" lon="4.11988"/>
      <trkpt lat="46.1534" lon="4.11983"/>
      <trkpt lat="46.15328" lon="4.11974"/>
      <trkpt lat="46.15323" lon="4.11974"/>
      <trkpt lat="46.15274" lon="4.11956"/>
      <trkpt lat="46.15269" lon="4.11953"/>
      <trkpt lat="46.15266" lon="4.11948"/>
      <trkpt lat="46.15253" lon="4.11949"/>
      <trkpt lat="46.15224" lon="4.11935"/>
      <trkpt lat="46.15199" lon="4.1204"/>
      <trkpt lat="46.15183" lon="4.12144"/>
      <trkpt lat="46.15138" lon="4.12467"/>
      <trkpt lat="46.15139" lon="4.12482"/>
      <trkpt lat="46.15144" lon="4.12498"/>
      <trkpt lat="46.15133" lon="4.1252"/>
      <trkpt lat="46.15129" lon="4.12532"/>
      <trkpt lat="46.15059" lon="4.13034"/>
      <trkpt lat="46.15046" lon="4.13134"/>
      <trkpt lat="46.15042" lon="4.13184"/>
      <trkpt lat="46.15041" lon="4.13246"/>
      <trkpt lat="46.15043" lon="4.13292"/>
      <trkpt lat="46.15051" lon="4.13373"/>
      <trkpt lat="46.15196" lon="4.14096"/>
      <trkpt lat="46.15209" lon="4.14148"/>
      <trkpt lat="46.15234" lon="4.14234"/>
      <trkpt lat="46.15304" lon="4.14452"/>
      <trkpt lat="46.15331" lon="4.14544"/>
      <trkpt lat="46.1537" lon="4.14655"/>
      <trkpt lat="46.15403" lon="4.14758"/>
      <trkpt lat="46.1542" lon="4.14819"/>
      <trkpt lat="46.15431" lon="4.14866"/>
      <trkpt lat="46.15487" lon="4.15147"/>
      <trkpt lat="46.15481" lon="4.15159"/>
      <trkpt lat="46.15492" lon="4.15167"/>
      <trkpt lat="46.15503" lon="4.15179"/>
      <trkpt lat="46.15513" lon="4.15195"/>
      <trkpt lat="46.1552" lon="4.15209"/>
      <trkpt lat="46.15522" lon="4.15225"/>
      <trkpt lat="46.1555" lon="4.15221"/>
      <trkpt lat="46.15588" lon="4.15208"/>
      <trkpt lat="46.15647" lon="4.1517"/>
      <trkpt lat="46.15648" lon="4.15164"/>
      <trkpt lat="46.15644" lon="4.15149"/>
      <trkpt lat="46.15642" lon="4.15125"/>
      <trkpt lat="46.15644" lon="4.15096"/>
      <trkpt lat="46.1565" lon="4.15081"/>
      <trkpt lat="46.15648" lon="4.15076"/>
      <trkpt lat="46.15648" lon="4.15063"/>
      <trkpt lat="46.15678" lon="4.14986"/>
      <trkpt lat="46.15689" lon="4.14966"/>
      <trkpt lat="46.15706" lon="4.14941"/>
      <trkpt lat="46.15728" lon="4.14913"/>
      <trkpt lat="46.15747" lon="4.14893"/>
      <trkpt lat="46.15767" lon="4.14863"/>
      <trkpt lat="46.15805" lon="4.1478"/>
      <trkpt lat="46.15818" lon="4.14755"/>
      <trkpt lat="46.15826" lon="4.14743"/>
      <trkpt lat="46.15849" lon="4.14715"/>
      <trkpt lat="46.15924" lon="4.14659"/>
      <trkpt lat="46.15935" lon="4.14653"/>
      <trkpt lat="46.15957" lon="4.14649"/>
      <trkpt lat="46.1598" lon="4.14641"/>
      <trkpt lat="46.15997" lon="4.14639"/>
      <trkpt lat="46.16006" lon="4.14632"/>
      <trkpt lat="46.16016" lon="4.14621"/>
      <trkpt lat="46.16022" lon="4.14617"/>
      <trkpt lat="46.16026" lon="4.14617"/>
      <trkpt lat="46.16031" lon="4.14629"/>
      <trkpt lat="46.16032" lon="4.14647"/>
      <trkpt lat="46.16041" lon="4.14701"/>
      <trkpt lat="46.16048" lon="4.14725"/>
      <trkpt lat="46.16065" lon="4.14805"/>
      <trkpt lat="46.16099" lon="4.14736"/>
      <trkpt lat="46.16144" lon="4.14653"/>
      <trkpt lat="46.16165" lon="4.14629"/>
      <trkpt lat="46.16196" lon="4.14681"/>
      <trkpt lat="46.16204" lon="4.14662"/>
      <trkpt lat="46.16242" lon="4.14587"/>
      <trkpt lat="46.16284" lon="4.1452"/>
      <trkpt lat="46.16317" lon="4.14448"/>
      <trkpt lat="46.16353" lon="4.14384"/>
      <trkpt lat="46.16361" lon="4.14363"/>
      <trkpt lat="46.16379" lon="4.14281"/>
      <trkpt lat="46.16384" lon="4.14234"/>
      <trkpt lat="46.16391" lon="4.1421"/>
      <trkpt lat="46.16411" lon="4.14156"/>
      <trkpt lat="46.16413" lon="4.14107"/>
      <trkpt lat="46.16408" lon="4.14074"/>
      <trkpt lat="46.16396" lon="4.14031"/>
      <trkpt lat="46.16388" lon="4.14015"/>
      <trkpt lat="46.16371" lon="4.13991"/>
      <trkpt lat="46.16364" lon="4.13966"/>
      <trkpt lat="46.16364" lon="4.13955"/>
      <trkpt lat="46.1637" lon="4.13887"/>
      <trkpt lat="46.16375" lon="4.13852"/>
      <trkpt lat="46.16382" lon="4.1383"/>
      <trkpt lat="46.16402" lon="4.13779"/>
      <trkpt lat="46.16418" lon="4.13726"/>
      <trkpt lat="46.16447" lon="4.13641"/>
      <trkpt lat="46.16449" lon="4.13627"/>
      <trkpt lat="46.16489" lon="4.13658"/>
      <trkpt lat="46.16505" lon="4.13663"/>
      <trkpt lat="46.16523" lon="4.13664"/>
      <trkpt lat="46.16556" lon="4.13661"/>
      <trkpt lat="46.16633" lon="4.13647"/>
      <trkpt lat="46.16644" lon="4.13642"/>
      <trkpt lat="46.16654" lon="4.13634"/>
      <trkpt lat="46.16688" lon="4.13592"/>
      <trkpt lat="46.16695" lon="4.13588"/>
      <trkpt lat="46.167" lon="4.13587"/>
      <trkpt lat="46.16708" lon="4.13592"/>
      <trkpt lat="46.16713" lon="4.13598"/>
      <trkpt lat="46.16716" lon="4.13609"/>
      <trkpt lat="46.16715" lon="4.13626"/>
      <trkpt lat="46.16713" lon="4.13638"/>
      <trkpt lat="46.16707" lon="4.13652"/>
      <trkpt lat="46.16697" lon="4.13685"/>
      <trkpt lat="46.16697" lon="4.13706"/>
      <trkpt lat="46.16698" lon="4.1371"/>
      <trkpt lat="46.16705" lon="4.1372"/>
      <trkpt lat="46.16717" lon="4.13731"/>
      <trkpt lat="46.16733" lon="4.13763"/>
      <trkpt lat="46.16743" lon="4.13789"/>
      <trkpt lat="46.16758" lon="4.1384"/>
      <trkpt lat="46.16762" lon="4.13895"/>
      <trkpt lat="46.1677" lon="4.13924"/>
      <trkpt lat="46.16799" lon="4.13985"/>
      <trkpt lat="46.16815" lon="4.14013"/>
      <trkpt lat="46.16844" lon="4.14041"/>
      <trkpt lat="46.16863" lon="4.14065"/>
      <trkpt lat="46.16888" lon="4.1409"/>
      <trkpt lat="46.16909" lon="4.14102"/>
      <trkpt lat="46.16978" lon="4.14133"/>
      <trkpt lat="46.16999" lon="4.1414"/>
      <trkpt lat="46.17001" lon="4.14138"/>
      <trkpt lat="46.17007" lon="4.14146"/>
      <trkpt lat="46.17065" lon="4.14168"/>
      <trkpt lat="46.17068" lon="4.14174"/>
      <trkpt lat="46.17069" lon="4.14191"/>
      <trkpt lat="46.17061" lon="4.14264"/>
      <trkpt lat="46.17057" lon="4.14339"/>
      <trkpt lat="46.17062" lon="4.14364"/>
      <trkpt lat="46.1708" lon="4.14429"/>
      <trkpt lat="46.171" lon="4.14494"/>
      <trkpt lat="46.17112" lon="4.1454"/>
      <trkpt lat="46.17122" lon="4.14588"/>
      <trkpt lat="46.1713" lon="4.14598"/>
      <trkpt lat="46.17136" lon="4.14614"/>
      <trkpt lat="46.17144" lon="4.14638"/>
      <trkpt lat="46.17158" lon="4.14698"/>
      <trkpt lat="46.17164" lon="4.1471"/>
      <trkpt lat="46.17209" lon="4.147"/>
      <trkpt lat="46.17223" lon="4.14689"/>
      <trkpt lat="46.1725" lon="4.14657"/>
      <trkpt lat="46.17264" lon="4.14632"/>
      <trkpt lat="46.17278" lon="4.14611"/>
      <trkpt lat="46.17354" lon="4.14548"/>
      <trkpt lat="46.17379" lon="4.14508"/>
      <trkpt lat="46.17384" lon="4.14501"/>
      <trkpt lat="46.17389" lon="4.14497"/>
      <trkpt lat="46.17411" lon="4.14491"/>
      <trkpt lat="46.17422" lon="4.1449"/>
      <trkpt lat="46.17478" lon="4.14464"/>
      <trkpt lat="46.17493" lon="4.14459"/>
      <trkpt lat="46.17508" lon="4.14457"/>
      <trkpt lat="46.17529" lon="4.14459"/>
      <trkpt lat="46.17543" lon="4.14464"/>
      <trkpt lat="46.17582" lon="4.14488"/>
      <trkpt lat="46.1759" lon="4.14467"/>
      <trkpt lat="46.17593" lon="4.14454"/>
      <trkpt lat="46.17619" lon="4.14215"/>
      <trkpt lat="46.17644" lon="4.1401"/>
      <trkpt lat="46.17663" lon="4.13901"/>
      <trkpt lat="46.17675" lon="4.13848"/>
      <trkpt lat="46.17685" lon="4.13817"/>
      <trkpt lat="46.17709" lon="4.13823"/>
      <trkpt lat="46.1773" lon="4.13826"/>
      <trkpt lat="46.17739" lon="4.13822"/>
      <trkpt lat="46.17755" lon="4.13807"/>
      <trkpt lat="46.17744" lon="4.1374"/>
      <trkpt lat="46.17806" lon="4.13701"/>
      <trkpt lat="46.17851" lon="4.13662"/>
      <trkpt lat="46.17867" lon="4.13647"/>
      <trkpt lat="46.1788" lon="4.13632"/>
      <trkpt lat="46.17932" lon="4.13556"/>
      <trkpt lat="46.1794" lon="4.13541"/>
      <trkpt lat="46.1795" lon="4.13516"/>
      <trkpt lat="46.17977" lon="4.13468"/>
      <trkpt lat="46.18004" lon="4.13437"/>
      <trkpt lat="46.18058" lon="4.13329"/>
      <trkpt lat="46.18059" lon="4.1332"/>
      <trkpt lat="46.18089" lon="4.13244"/>
      <trkpt lat="46.18117" lon="4.13166"/>
      <trkpt lat="46.18149" lon="4.13098"/>
      <trkpt lat="46.1817" lon="4.13043"/>
      <trkpt lat="46.18216" lon="4.12891"/>
      <trkpt lat="46.18247" lon="4.12733"/>
      <trkpt lat="46.18251" lon="4.12719"/>
      <trkpt lat="46.18278" lon="4.12672"/>
      <trkpt lat="46.18286" lon="4.12653"/>
      <trkpt lat="46.18296" lon="4.126"/>
      <trkpt lat="46.18302" lon="4.12579"/>
      <trkpt lat="46.18331" lon="4.12524"/>
      <trkpt lat="46.18349" lon="4.12497"/>
      <trkpt lat="46.18362" lon="4.12486"/>
      <trkpt lat="46.18372" lon="4.1248"/>
      <trkpt lat="46.18393" lon="4.12472"/>
      <trkpt lat="46.18409" lon="4.12463"/>
      <trkpt lat="46.18368" lon="4.12415"/>
      <trkpt lat="46.18334" lon="4.12385"/>
      <trkpt lat="46.18328" lon="4.12378"/>
      <trkpt lat="46.18301" lon="4.12357"/>
      <trkpt lat="46.18282" lon="4.12348"/>
      <trkpt lat="46.18245" lon="4.1234"/>
      <trkpt lat="46.18223" lon="4.12325"/>
      <trkpt lat="46.18196" lon="4.12313"/>
      <trkpt lat="46.18171" lon="4.12298"/>
      <trkpt lat="46.1812" lon="4.12256"/>
      <trkpt lat="46.18096" lon="4.12245"/>
      <trkpt lat="46.18043" lon="4.12228"/>
      <trkpt lat="46.1798" lon="4.12216"/>
      <trkpt lat="46.17968" lon="4.12212"/>
      <trkpt lat="46.17957" lon="4.12198"/>
      <trkpt lat="46.17954" lon="4.12184"/>
      <trkpt lat="46.17952" lon="4.12162"/>
      <trkpt lat="46.17942" lon="4.12127"/>
      <trkpt lat="46.17932" lon="4.12105"/>
      <trkpt lat="46.17922" lon="4.12092"/>
      <trkpt lat="46.17913" lon="4.12084"/>
      <trkpt lat="46.17893" lon="4.12073"/>
      <trkpt lat="46.17834" lon="4.12052"/>
      <trkpt lat="46.17778" lon="4.12028"/>
      <trkpt lat="46.17754" lon="4.1202"/>
      <trkpt lat="46.17737" lon="4.12018"/>
      <trkpt lat="46.17717" lon="4.12012"/>
      <trkpt lat="46.17707" lon="4.11975"/>
      <trkpt lat="46.17704" lon="4.11952"/>
      <trkpt lat="46.17704" lon="4.11885"/>
      <trkpt lat="46.177" lon="4.11853"/>
      <trkpt lat="46.17672" lon="4.11768"/>
      <trkpt lat="46.17666" lon="4.11745"/>
      <trkpt lat="46.17662" lon="4.11712"/>
      <trkpt lat="46.17655" lon="4.11435"/>
      <trkpt lat="46.17541" lon="4.11429"/>
      <trkpt lat="46.17504" lon="4.11437"/>
      <trkpt lat="46.17464" lon="4.11452"/>
      <trkpt lat="46.17453" lon="4.11454"/>
      <trkpt lat="46.17407" lon="4.11442"/>
      <trkpt lat="46.17355" lon="4.11447"/>
      <trkpt lat="46.17323" lon="4.11454"/>
      <trkpt lat="46.17306" lon="4.11456"/>
      <trkpt lat="46.17263" lon="4.11457"/>
      <trkpt lat="46.17137" lon="4.11488"/>
      <trkpt lat="46.17098" lon="4.11496"/>
      <trkpt lat="46.17066" lon="4.11512"/>
      <trkpt lat="46.17056" lon="4.11534"/>
      <trkpt lat="46.17051" lon="4.11536"/>
      <trkpt lat="46.17045" lon="4.11535"/>
      <trkpt lat="46.17041" lon="4.1153"/>
      <trkpt lat="46.17035" lon="4.1151"/>
      <trkpt lat="46.1697" lon="4.11429"/>
      <trkpt lat="46.16945" lon="4.11395"/>
      <trkpt lat="46.16908" lon="4.11339"/>
      <trkpt lat="46.16893" lon="4.11324"/>
      <trkpt lat="46.16837" lon="4.11276"/>
      <trkpt lat="46.1684" lon="4.11286"/>
      <trkpt lat="46.16852" lon="4.11377"/>
      <trkpt lat="46.16848" lon="4.11418"/>
      <trkpt lat="46.16847" lon="4.1144"/>
      <trkpt lat="46.16848" lon="4.1146"/>
      <trkpt lat="46.16861" lon="4.11537"/>
      <trkpt lat="46.16888" lon="4.11627"/>
      <trkpt lat="46.16893" lon="4.11649"/>
      <trkpt lat="46.16895" lon="4.11667"/>
      <trkpt lat="46.16894" lon="4.11681"/>
      <trkpt lat="46.1689" lon="4.117"/>
      <trkpt lat="46.16882" lon="4.11719"/>
      <trkpt lat="46.16915" lon="4.11779"/>
      <trkpt lat="46.16964" lon="4.11879"/>
      <trkpt lat="46.16912" lon="4.12017"/>
      <trkpt lat="46.1687" lon="4.12141"/>
      <trkpt lat="46.16868" lon="4.12158"/>
      <trkpt lat="46.16879" lon="4.12258"/>
      <trkpt lat="46.16883" lon="4.12357"/>
      <trkpt lat="46.16889" lon="4.12424"/>
      <trkpt lat="46.16901" lon="4.12484"/>
      <trkpt lat="46.16923" lon="4.12566"/>
      <trkpt lat="46.16935" lon="4.12637"/>
      <trkpt lat="46.1694" lon="4.127"/>
      <trkpt lat="46.16945" lon="4.12737"/>
      <trkpt lat="46.1694" lon="4.12754"/>
      <trkpt lat="46.16888" lon="4.12725"/>
      <trkpt lat="46.16873" lon="4.12715"/>
      <trkpt lat="46.16871" lon="4.12729"/>
      <trkpt lat="46.16877" lon="4.12755"/>
      <trkpt lat="46.16881" lon="4.1279"/>
      <trkpt lat="46.16877" lon="4.12818"/>
      <trkpt lat="46.16789" lon="4.12785"/>
      <trkpt lat="46.16744" lon="4.12784"/>
      <trkpt lat="46.16739" lon="4.12786"/>
      <trkpt lat="46.16708" lon="4.12809"/>
      <trkpt lat="46.16697" lon="4.12814"/>
      <trkpt lat="46.16677" lon="4.12814"/>
      <trkpt lat="46.16565" lon="4.12802"/>
      <trkpt lat="46.1656" lon="4.128"/>
      <trkpt lat="46.16552" lon="4.12792"/>
      <trkpt lat="46.16545" lon="4.12776"/>
      <trkpt lat="46.16539" lon="4.1277"/>
      <trkpt lat="46.1652" lon="4.12758"/>
      <trkpt lat="46.16493" lon="4.12749"/>
      <trkpt lat="46.16432" lon="4.12716"/>
      <trkpt lat="46.16385" lon="4.12706"/>
      <trkpt lat="46.16381" lon="4.12691"/>
      <trkpt lat="46.16342" lon="4.12693"/>
      <trkpt lat="46.16308" lon="4.12698"/>
      <trkpt lat="46.16253" lon="4.12703"/>
      <trkpt lat="46.16233" lon="4.12704"/>
      <trkpt lat="46.162" lon="4.12701"/>
      <trkpt lat="46.16181" lon="4.12694"/>
      <trkpt lat="46.16167" lon="4.12686"/>
      <trkpt lat="46.16156" lon="4.12686"/>
      <trkpt lat="46.16143" lon="4.12683"/>
      <trkpt lat="46.16055" lon="4.12643"/>
      <trkpt lat="46.1599" lon="4.12617"/>
      <trkpt lat="46.15967" lon="4.12605"/>
      <trkpt lat="46.1594" lon="4.12585"/>
      <trkpt lat="46.15909" lon="4.12555"/>
      <trkpt lat="46.1573" lon="4.12329"/>
      <trkpt lat="46.15712" lon="4.12315"/>
      <trkpt lat="46.15706" lon="4.12324"/>
      <trkpt lat="46.15665" lon="4.12342"/>
      <trkpt lat="46.15656" lon="4.12343"/>
      <trkpt lat="46.15529" lon="4.12318"/>
      <trkpt lat="46.15487" lon="4.12308"/>
      <trkpt lat="46.15448" lon="4.12302"/>
      <trkpt lat="46.15432" lon="4.12301"/>
      <trkpt lat="46.15423" lon="4.12302"/>
      <trkpt lat="46.15375" lon="4.12326"/>
      <trkpt lat="46.15363" lon="4.1228"/>
      <trkpt lat="46.15361" lon="4.12247"/>
      <trkpt lat="46.15358" lon="4.12233"/>
      <trkpt lat="46.15363" lon="4.12209"/>
      <trkpt lat="46.15367" lon="4.12142"/>
    </trkseg>
  </trk>
  <wpt lat="46.153643" lon="4.120758">
    <name>111 Rue de la Republique, Saint-Nizier-sous-Charlieu, 42190</name>
    <sym>1</sym>
    <type>WPT</type>
    <extensions>
      <option option="{&quot;icon&quot;: {&quot;id&quot;: &quot;1&quot;, &quot;i18n&quot;: &quot;Assistants de parcours&quot;, &quot;type&quot;: &quot;default&quot;, &quot;classes&quot;: null, &quot;categorie&quot;: &quot;CATICO-1&quot;, &quot;html_code&quot;: &quot;&amp;#x41&quot;, &quot;description&quot;: null, &quot;custom_order&quot;: 2, &quot;def_svg_symbol_id&quot;: &quot;41&quot;}, &quot;color&quot;: &quot;#26323d&quot;, &quot;title&quot;: &quot;111 Rue de la Republique, Saint-Nizier-sous-Charlieu, 42190&quot;, &quot;bgColor&quot;: &quot;#ffffff&quot;, &quot;content&quot;: &quot;&quot;, &quot;offsetX&quot;: 0, &quot;offsetY&quot;: 0, &quot;tooltip&quot;: {&quot;show&quot;: true, &quot;direction&quot;: &quot;right&quot;, &quot;permanent&quot;: false}, &quot;visibility&quot;: &quot;public&quot;, &quot;showOnPrint&quot;: true, &quot;showOnPrintMap&quot;: false, &quot;showOnElevation&quot;: false, &quot;cumulatedLocation&quot;: false, &quot;showOnPrintElevation&quot;: false, &quot;stickedDistanceInMeter&quot;: -1, &quot;showTextOnPrintElevation&quot;: false}"/>
    </extensions>
  </wpt>
  <wpt lat="46.151935" lon="4.120762">
    <name>170 Allée Vauvrille, Saint-Nizier-sous-Charlieu, 42190</name>
    <sym>1</sym>
    <type>WPT</type>
    <extensions>
      <option option="{&quot;icon&quot;: {&quot;id&quot;: &quot;1&quot;, &quot;i18n&quot;: &quot;Assistants de parcours&quot;, &quot;type&quot;: &quot;default&quot;, &quot;classes&quot;: null, &quot;categorie&quot;: &quot;CATICO-1&quot;, &quot;html_code&quot;: &quot;&amp;#x41&quot;, &quot;description&quot;: null, &quot;custom_order&quot;: 2, &quot;def_svg_symbol_id&quot;: &quot;41&quot;}, &quot;color&quot;: &quot;#26323d&quot;, &quot;title&quot;: &quot;170 All\u00e9e Vauvrille, Saint-Nizier-sous-Charlieu, 42190&quot;, &quot;bgColor&quot;: &quot;#ffffff&quot;, &quot;content&quot;: &quot;&quot;, &quot;offsetX&quot;: 0, &quot;offsetY&quot;: 0, &quot;tooltip&quot;: {&quot;show&quot;: true, &quot;direction&quot;: &quot;right&quot;, &quot;permanent&quot;: false}, &quot;visibility&quot;: &quot;public&quot;, &quot;showOnPrint&quot;: true, &quot;showOnPrintMap&quot;: false, &quot;showOnElevation&quot;: false, &quot;cumulatedLocation&quot;: false, &quot;showOnPrintElevation&quot;: false, &quot;stickedDistanceInMeter&quot;: -1, &quot;showTextOnPrintElevation&quot;: false}"/>
    </extensions>
  </wpt>
  <wpt lat="46.151053" lon="4.126975">
    <name>220 Chemin des Grands Bois, Saint-Nizier-sous-Charlieu, 42190</name>
    <sym>1</sym>
    <type>WPT</type>
    <extensions>
      <option option="{&quot;icon&quot;: {&quot;id&quot;: &quot;1&quot;, &quot;i18n&quot;: &quot;Assistants de parcours&quot;, &quot;type&quot;: &quot;default&quot;, &quot;classes&quot;: null, &quot;categorie&quot;: &quot;CATICO-1&quot;, &quot;html_code&quot;: &quot;&amp;#x41&quot;, &quot;description&quot;: null, &quot;custom_order&quot;: 2, &quot;def_svg_symbol_id&quot;: &quot;41&quot;}, &quot;color&quot;: &quot;#26323d&quot;, &quot;title&quot;: &quot;220 Chemin des Grands Bois, Saint-Nizier-sous-Charlieu, 42190&quot;, &quot;bgColor&quot;: &quot;#ffffff&quot;, &quot;content&quot;: &quot;&quot;, &quot;offsetX&quot;: 0, &quot;offsetY&quot;: 0, &quot;tooltip&quot;: {&quot;show&quot;: true, &quot;direction&quot;: &quot;right&quot;, &quot;permanent&quot;: false}, &quot;visibility&quot;: &quot;public&quot;, &quot;showOnPrint&quot;: true, &quot;showOnPrintMap&quot;: false, &quot;showOnElevation&quot;: false, &quot;cumulatedLocation&quot;: false, &quot;showOnPrintElevation&quot;: false, &quot;stickedDistanceInMeter&quot;: -1, &quot;showTextOnPrintElevation&quot;: false}"/>
    </extensions>
  </wpt>
  <wpt lat="46.155773" lon="4.15212">
    <name>Route de Charlieu, Saint-Nizier-sous-Charlieu, 42190</name>
    <sym>1</sym>
    <type>WPT</type>
    <extensions>
      <option option="{&quot;icon&quot;: {&quot;id&quot;: &quot;1&quot;, &quot;i18n&quot;: &quot;Assistants de parcours&quot;, &quot;type&quot;: &quot;default&quot;, &quot;classes&quot;: null, &quot;categorie&quot;: &quot;CATICO-1&quot;, &quot;html_code&quot;: &quot;&amp;#x41&quot;, &quot;description&quot;: null, &quot;custom_order&quot;: 2, &quot;def_svg_symbol_id&quot;: &quot;41&quot;}, &quot;color&quot;: &quot;#26323d&quot;, &quot;title&quot;: &quot;Route de Charlieu, Saint-Nizier-sous-Charlieu, 42190&quot;, &quot;bgColor&quot;: &quot;#ffffff&quot;, &quot;content&quot;: &quot;&quot;, &quot;offsetX&quot;: 0, &quot;offsetY&quot;: 0, &quot;tooltip&quot;: {&quot;show&quot;: true, &quot;direction&quot;: &quot;right&quot;, &quot;permanent&quot;: false}, &quot;visibility&quot;: &quot;public&quot;, &quot;showOnPrint&quot;: true, &quot;showOnPrintMap&quot;: false, &quot;showOnElevation&quot;: false, &quot;cumulatedLocation&quot;: false, &quot;showOnPrintElevation&quot;: false, &quot;stickedDistanceInMeter&quot;: -1, &quot;showTextOnPrintElevation&quot;: false}"/>
    </extensions>
  </wpt>
  <wpt lat="46.158113" lon="4.147685">
    <name>42190</name>
    <sym>1</sym>
    <type>WPT</type>
    <extensions>
      <option option="{&quot;icon&quot;: {&quot;id&quot;: &quot;1&quot;, &quot;i18n&quot;: &quot;Assistants de parcours&quot;, &quot;type&quot;: &quot;default&quot;, &quot;classes&quot;: null, &quot;categorie&quot;: &quot;CATICO-1&quot;, &quot;html_code&quot;: &quot;&amp;#x41&quot;, &quot;description&quot;: null, &quot;custom_order&quot;: 2, &quot;def_svg_symbol_id&quot;: &quot;41&quot;}, &quot;color&quot;: &quot;#26323d&quot;, &quot;title&quot;: &quot;42190&quot;, &quot;bgColor&quot;: &quot;#ffffff&quot;, &quot;content&quot;: &quot;&quot;, &quot;offsetX&quot;: 0, &quot;offsetY&quot;: 0, &quot;tooltip&quot;: {&quot;show&quot;: true, &quot;direction&quot;: &quot;right&quot;, &quot;permanent&quot;: false}, &quot;visibility&quot;: &quot;public&quot;, &quot;showOnPrint&quot;: true, &quot;showOnPrintMap&quot;: false, &quot;showOnElevation&quot;: false, &quot;cumulatedLocation&quot;: false, &quot;showOnPrintElevation&quot;: false, &quot;stickedDistanceInMeter&quot;: -1, &quot;showTextOnPrintElevation&quot;: false}"/>
    </extensions>
  </wpt>
  <wpt lat="46.161392" lon="4.14662">
    <name>1083 Chemin de la Grange du Bois, Saint-Nizier-sous-Charlieu, 42190</name>
    <sym>1</sym>
    <type>WPT</type>
    <extensions>
      <option option="{&quot;icon&quot;: {&quot;id&quot;: &quot;1&quot;, &quot;i18n&quot;: &quot;Assistants de parcours&quot;, &quot;type&quot;: &quot;default&quot;, &quot;classes&quot;: null, &quot;categorie&quot;: &quot;CATICO-1&quot;, &quot;html_code&quot;: &quot;&amp;#x41&quot;, &quot;description&quot;: null, &quot;custom_order&quot;: 2, &quot;def_svg_symbol_id&quot;: &quot;41&quot;}, &quot;color&quot;: &quot;#26323d&quot;, &quot;title&quot;: &quot;1083 Chemin de la Grange du Bois, Saint-Nizier-sous-Charlieu, 42190&quot;, &quot;bgColor&quot;: &quot;#ffffff&quot;, &quot;content&quot;: &quot;&quot;, &quot;offsetX&quot;: 0, &quot;offsetY&quot;: 0, &quot;tooltip&quot;: {&quot;show&quot;: true, &quot;direction&quot;: &quot;right&quot;, &quot;permanent&quot;: false}, &quot;visibility&quot;: &quot;public&quot;, &quot;showOnPrint&quot;: true, &quot;showOnPrintMap&quot;: false, &quot;showOnElevation&quot;: false, &quot;cumulatedLocation&quot;: false, &quot;showOnPrintElevation&quot;: false, &quot;stickedDistanceInMeter&quot;: -1, &quot;showTextOnPrintElevation&quot;: false}"/>
    </extensions>
  </wpt>
  <wpt lat="46.164108" lon="4.141522">
    <name>1514 Chemin de la Grange du Bois, Saint-Nizier-sous-Charlieu, 42190</name>
    <sym>1</sym>
    <type>WPT</type>
    <extensions>
      <option option="{&quot;icon&quot;: {&quot;id&quot;: &quot;1&quot;, &quot;i18n&quot;: &quot;Assistants de parcours&quot;, &quot;type&quot;: &quot;default&quot;, &quot;classes&quot;: null, &quot;categorie&quot;: &quot;CATICO-1&quot;, &quot;html_code&quot;: &quot;&amp;#x41&quot;, &quot;description&quot;: null, &quot;custom_order&quot;: 2, &quot;def_svg_symbol_id&quot;: &quot;41&quot;}, &quot;color&quot;: &quot;#26323d&quot;, &quot;title&quot;: &quot;1514 Chemin de la Grange du Bois, Saint-Nizier-sous-Charlieu, 42190&quot;, &quot;bgColor&quot;: &quot;#ffffff&quot;, &quot;content&quot;: &quot;&quot;, &quot;offsetX&quot;: 0, &quot;offsetY&quot;: 0, &quot;tooltip&quot;: {&quot;show&quot;: true, &quot;direction&quot;: &quot;right&quot;, &quot;permanent&quot;: false}, &quot;visibility&quot;: &quot;public&quot;, &quot;showOnPrint&quot;: true, &quot;showOnPrintMap&quot;: false, &quot;showOnElevation&quot;: false, &quot;cumulatedLocation&quot;: false, &quot;showOnPrintElevation&quot;: false, &quot;stickedDistanceInMeter&quot;: -1, &quot;showTextOnPrintElevation&quot;: false}"/>
    </extensions>
  </wpt>
  <wpt lat="46.172829" lon="4.146065">
    <name>42190</name>
    <sym>1</sym>
    <type>WPT</type>
    <extensions>
      <option option="{&quot;icon&quot;: {&quot;id&quot;: &quot;1&quot;, &quot;i18n&quot;: &quot;Assistants de parcours&quot;, &quot;type&quot;: &quot;default&quot;, &quot;classes&quot;: null, &quot;categorie&quot;: &quot;CATICO-1&quot;, &quot;html_code&quot;: &quot;&amp;#x41&quot;, &quot;description&quot;: null, &quot;custom_order&quot;: 2, &quot;def_svg_symbol_id&quot;: &quot;41&quot;}, &quot;color&quot;: &quot;#26323d&quot;, &quot;title&quot;: &quot;42190&quot;, &quot;bgColor&quot;: &quot;#ffffff&quot;, &quot;content&quot;: &quot;&quot;, &quot;offsetX&quot;: 0, &quot;offsetY&quot;: 0, &quot;tooltip&quot;: {&quot;show&quot;: true, &quot;direction&quot;: &quot;right&quot;, &quot;permanent&quot;: false}, &quot;visibility&quot;: &quot;public&quot;, &quot;showOnPrint&quot;: true, &quot;showOnPrintMap&quot;: false, &quot;showOnElevation&quot;: false, &quot;cumulatedLocation&quot;: false, &quot;showOnPrintElevation&quot;: false, &quot;stickedDistanceInMeter&quot;: -1, &quot;showTextOnPrintElevation&quot;: false}"/>
    </extensions>
  </wpt>
  <wpt lat="46.177524" lon="4.137912">
    <name>42190</name>
    <sym>1</sym>
    <type>WPT</type>
    <extensions>
      <option option="{&quot;icon&quot;: {&quot;id&quot;: &quot;1&quot;, &quot;i18n&quot;: &quot;Assistants de parcours&quot;, &quot;type&quot;: &quot;default&quot;, &quot;classes&quot;: null, &quot;categorie&quot;: &quot;CATICO-1&quot;, &quot;html_code&quot;: &quot;&amp;#x41&quot;, &quot;description&quot;: null, &quot;custom_order&quot;: 2, &quot;def_svg_symbol_id&quot;: &quot;41&quot;}, &quot;color&quot;: &quot;#26323d&quot;, &quot;title&quot;: &quot;42190&quot;, &quot;bgColor&quot;: &quot;#ffffff&quot;, &quot;content&quot;: &quot;&quot;, &quot;offsetX&quot;: 0, &quot;offsetY&quot;: 0, &quot;tooltip&quot;: {&quot;show&quot;: true, &quot;direction&quot;: &quot;right&quot;, &quot;permanent&quot;: false}, &quot;visibility&quot;: &quot;public&quot;, &quot;showOnPrint&quot;: true, &quot;showOnPrintMap&quot;: false, &quot;showOnElevation&quot;: false, &quot;cumulatedLocation&quot;: false, &quot;showOnPrintElevation&quot;: false, &quot;stickedDistanceInMeter&quot;: -1, &quot;showTextOnPrintElevation&quot;: false}"/>
    </extensions>
  </wpt>
  <wpt lat="46.179884" lon="4.134543">
    <name>1948 Route du Mont, Saint-Nizier-sous-Charlieu, 42190</name>
    <sym>1</sym>
    <type>WPT</type>
    <extensions>
      <option option="{&quot;icon&quot;: {&quot;id&quot;: &quot;1&quot;, &quot;i18n&quot;: &quot;Assistants de parcours&quot;, &quot;type&quot;: &quot;default&quot;, &quot;classes&quot;: null, &quot;categorie&quot;: &quot;CATICO-1&quot;, &quot;html_code&quot;: &quot;&amp;#x41&quot;, &quot;description&quot;: null, &quot;custom_order&quot;: 2, &quot;def_svg_symbol_id&quot;: &quot;41&quot;}, &quot;color&quot;: &quot;#26323d&quot;, &quot;title&quot;: &quot;1948 Route du Mont, Saint-Nizier-sous-Charlieu, 42190&quot;, &quot;bgColor&quot;: &quot;#ffffff&quot;, &quot;content&quot;: &quot;&quot;, &quot;offsetX&quot;: 0, &quot;offsetY&quot;: 0, &quot;tooltip&quot;: {&quot;show&quot;: true, &quot;direction&quot;: &quot;right&quot;, &quot;permanent&quot;: false}, &quot;visibility&quot;: &quot;public&quot;, &quot;showOnPrint&quot;: true, &quot;showOnPrintMap&quot;: false, &quot;showOnElevation&quot;: false, &quot;cumulatedLocation&quot;: false, &quot;showOnPrintElevation&quot;: false, &quot;stickedDistanceInMeter&quot;: -1, &quot;showTextOnPrintElevation&quot;: false}"/>
    </extensions>
  </wpt>
  <wpt lat="46.184002" lon="4.124675">
    <name>71340</name>
    <sym>1</sym>
    <type>WPT</type>
    <extensions>
      <option option="{&quot;icon&quot;: {&quot;id&quot;: &quot;1&quot;, &quot;i18n&quot;: &quot;Assistants de parcours&quot;, &quot;type&quot;: &quot;default&quot;, &quot;classes&quot;: null, &quot;categorie&quot;: &quot;CATICO-1&quot;, &quot;html_code&quot;: &quot;&amp;#x41&quot;, &quot;description&quot;: null, &quot;custom_order&quot;: 2, &quot;def_svg_symbol_id&quot;: &quot;41&quot;}, &quot;color&quot;: &quot;#26323d&quot;, &quot;title&quot;: &quot;71340&quot;, &quot;bgColor&quot;: &quot;#ffffff&quot;, &quot;content&quot;: &quot;&quot;, &quot;offsetX&quot;: 0, &quot;offsetY&quot;: 0, &quot;tooltip&quot;: {&quot;show&quot;: true, &quot;direction&quot;: &quot;right&quot;, &quot;permanent&quot;: false}, &quot;visibility&quot;: &quot;public&quot;, &quot;showOnPrint&quot;: true, &quot;showOnPrintMap&quot;: false, &quot;showOnElevation&quot;: false, &quot;cumulatedLocation&quot;: false, &quot;showOnPrintElevation&quot;: false, &quot;stickedDistanceInMeter&quot;: -1, &quot;showTextOnPrintElevation&quot;: false}"/>
    </extensions>
  </wpt>
  <wpt lat="46.171891" lon="4.114749">
    <name>42190</name>
    <sym>1</sym>
    <type>WPT</type>
    <extensions>
      <option option="{&quot;icon&quot;: {&quot;id&quot;: &quot;1&quot;, &quot;i18n&quot;: &quot;Assistants de parcours&quot;, &quot;type&quot;: &quot;default&quot;, &quot;classes&quot;: null, &quot;categorie&quot;: &quot;CATICO-1&quot;, &quot;html_code&quot;: &quot;&amp;#x41&quot;, &quot;description&quot;: null, &quot;custom_order&quot;: 2, &quot;def_svg_symbol_id&quot;: &quot;41&quot;}, &quot;color&quot;: &quot;#26323d&quot;, &quot;title&quot;: &quot;42190&quot;, &quot;bgColor&quot;: &quot;#ffffff&quot;, &quot;content&quot;: &quot;&quot;, &quot;offsetX&quot;: 0, &quot;offsetY&quot;: 0, &quot;tooltip&quot;: {&quot;show&quot;: true, &quot;direction&quot;: &quot;right&quot;, &quot;permanent&quot;: false}, &quot;visibility&quot;: &quot;public&quot;, &quot;showOnPrint&quot;: true, &quot;showOnPrintMap&quot;: false, &quot;showOnElevation&quot;: false, &quot;cumulatedLocation&quot;: false, &quot;showOnPrintElevation&quot;: false, &quot;stickedDistanceInMeter&quot;: -1, &quot;showTextOnPrintElevation&quot;: false}"/>
    </extensions>
  </wpt>
  <wpt lat="46.16858" lon="4.115202">
    <name>1293 Route du Chevrenay, Saint-Nizier-sous-Charlieu, 42190</name>
    <sym>1</sym>
    <type>WPT</type>
    <extensions>
      <option option="{&quot;icon&quot;: {&quot;id&quot;: &quot;1&quot;, &quot;i18n&quot;: &quot;Assistants de parcours&quot;, &quot;type&quot;: &quot;default&quot;, &quot;classes&quot;: null, &quot;categorie&quot;: &quot;CATICO-1&quot;, &quot;html_code&quot;: &quot;&amp;#x41&quot;, &quot;description&quot;: null, &quot;custom_order&quot;: 2, &quot;def_svg_symbol_id&quot;: &quot;41&quot;}, &quot;color&quot;: &quot;#26323d&quot;, &quot;title&quot;: &quot;1293 Route du Chevrenay, Saint-Nizier-sous-Charlieu, 42190&quot;, &quot;bgColor&quot;: &quot;#ffffff&quot;, &quot;content&quot;: &quot;&quot;, &quot;offsetX&quot;: 0, &quot;offsetY&quot;: 0, &quot;tooltip&quot;: {&quot;show&quot;: true, &quot;direction&quot;: &quot;right&quot;, &quot;permanent&quot;: false}, &quot;visibility&quot;: &quot;public&quot;, &quot;showOnPrint&quot;: true, &quot;showOnPrintMap&quot;: false, &quot;showOnElevation&quot;: false, &quot;cumulatedLocation&quot;: false, &quot;showOnPrintElevation&quot;: false, &quot;stickedDistanceInMeter&quot;: -1, &quot;showTextOnPrintElevation&quot;: false}"/>
    </extensions>
  </wpt>
  <wpt lat="46.169332" lon="4.126276">
    <name>646 Chemin des Essets, Saint-Nizier-sous-Charlieu, 42190</name>
    <sym>1</sym>
    <type>WPT</type>
    <extensions>
      <option option="{&quot;icon&quot;: {&quot;id&quot;: &quot;1&quot;, &quot;i18n&quot;: &quot;Assistants de parcours&quot;, &quot;type&quot;: &quot;default&quot;, &quot;classes&quot;: null, &quot;categorie&quot;: &quot;CATICO-1&quot;, &quot;html_code&quot;: &quot;&amp;#x41&quot;, &quot;description&quot;: null, &quot;custom_order&quot;: 2, &quot;def_svg_symbol_id&quot;: &quot;41&quot;}, &quot;color&quot;: &quot;#26323d&quot;, &quot;title&quot;: &quot;646 Chemin des Essets, Saint-Nizier-sous-Charlieu, 42190&quot;, &quot;bgColor&quot;: &quot;#ffffff&quot;, &quot;content&quot;: &quot;&quot;, &quot;offsetX&quot;: 0, &quot;offsetY&quot;: 0, &quot;tooltip&quot;: {&quot;show&quot;: true, &quot;direction&quot;: &quot;right&quot;, &quot;permanent&quot;: false}, &quot;visibility&quot;: &quot;public&quot;, &quot;showOnPrint&quot;: true, &quot;showOnPrintMap&quot;: false, &quot;showOnElevation&quot;: false, &quot;cumulatedLocation&quot;: false, &quot;showOnPrintElevation&quot;: false, &quot;stickedDistanceInMeter&quot;: -1, &quot;showTextOnPrintElevation&quot;: false}"/>
    </extensions>
  </wpt>
  <wpt lat="46.168776" lon="4.127181">
    <name>2083 Route de Fleury, Saint-Nizier-sous-Charlieu, 42190</name>
    <sym>1</sym>
    <type>WPT</type>
    <extensions>
      <option option="{&quot;icon&quot;: {&quot;id&quot;: &quot;1&quot;, &quot;i18n&quot;: &quot;Assistants de parcours&quot;, &quot;type&quot;: &quot;default&quot;, &quot;classes&quot;: null, &quot;categorie&quot;: &quot;CATICO-1&quot;, &quot;html_code&quot;: &quot;&amp;#x41&quot;, &quot;description&quot;: null, &quot;custom_order&quot;: 2, &quot;def_svg_symbol_id&quot;: &quot;41&quot;}, &quot;color&quot;: &quot;#26323d&quot;, &quot;title&quot;: &quot;2083 Route de Fleury, Saint-Nizier-sous-Charlieu, 42190&quot;, &quot;bgColor&quot;: &quot;#ffffff&quot;, &quot;content&quot;: &quot;&quot;, &quot;offsetX&quot;: 0, &quot;offsetY&quot;: 0, &quot;tooltip&quot;: {&quot;show&quot;: true, &quot;direction&quot;: &quot;right&quot;, &quot;permanent&quot;: false}, &quot;visibility&quot;: &quot;public&quot;, &quot;showOnPrint&quot;: true, &quot;showOnPrintMap&quot;: false, &quot;showOnElevation&quot;: false, &quot;cumulatedLocation&quot;: false, &quot;showOnPrintElevation&quot;: false, &quot;stickedDistanceInMeter&quot;: -1, &quot;showTextOnPrintElevation&quot;: false}"/>
    </extensions>
  </wpt>
  <wpt lat="46.162874" lon="4.127002">
    <name>1380 Chemin des Gatilles, Saint-Nizier-sous-Charlieu, 42190</name>
    <sym>1</sym>
    <type>WPT</type>
    <extensions>
      <option option="{&quot;icon&quot;: {&quot;id&quot;: &quot;1&quot;, &quot;i18n&quot;: &quot;Assistants de parcours&quot;, &quot;type&quot;: &quot;default&quot;, &quot;classes&quot;: null, &quot;categorie&quot;: &quot;CATICO-1&quot;, &quot;html_code&quot;: &quot;&amp;#x41&quot;, &quot;description&quot;: null, &quot;custom_order&quot;: 2, &quot;def_svg_symbol_id&quot;: &quot;41&quot;}, &quot;color&quot;: &quot;#26323d&quot;, &quot;title&quot;: &quot;1380 Chemin des Gatilles, Saint-Nizier-sous-Charlieu, 42190&quot;, &quot;bgColor&quot;: &quot;#ffffff&quot;, &quot;content&quot;: &quot;&quot;, &quot;offsetX&quot;: 0, &quot;offsetY&quot;: 0, &quot;tooltip&quot;: {&quot;show&quot;: true, &quot;direction&quot;: &quot;right&quot;, &quot;permanent&quot;: false}, &quot;visibility&quot;: &quot;public&quot;, &quot;showOnPrint&quot;: true, &quot;showOnPrintMap&quot;: false, &quot;showOnElevation&quot;: false, &quot;cumulatedLocation&quot;: false, &quot;showOnPrintElevation&quot;: false, &quot;stickedDistanceInMeter&quot;: -1, &quot;showTextOnPrintElevation&quot;: false}"/>
    </extensions>
  </wpt>
  <wpt lat="46.153669" lon="4.121424">
    <name>158 Rue de la Republique, Saint-Nizier-sous-Charlieu, 42190</name>
    <sym>1</sym>
    <type>WPT</type>
    <extensions>
      <option option="{&quot;icon&quot;: {&quot;id&quot;: &quot;1&quot;, &quot;i18n&quot;: &quot;Assistants de parcours&quot;, &quot;type&quot;: &quot;default&quot;, &quot;classes&quot;: null, &quot;categorie&quot;: &quot;CATICO-1&quot;, &quot;html_code&quot;: &quot;&amp;#x41&quot;, &quot;description&quot;: null, &quot;custom_order&quot;: 2, &quot;def_svg_symbol_id&quot;: &quot;41&quot;}, &quot;color&quot;: &quot;#26323d&quot;, &quot;title&quot;: &quot;158 Rue de la Republique, Saint-Nizier-sous-Charlieu, 42190&quot;, &quot;bgColor&quot;: &quot;#ffffff&quot;, &quot;content&quot;: &quot;&quot;, &quot;offsetX&quot;: 0, &quot;offsetY&quot;: 0, &quot;tooltip&quot;: {&quot;show&quot;: true, &quot;direction&quot;: &quot;right&quot;, &quot;permanent&quot;: false}, &quot;visibility&quot;: &quot;public&quot;, &quot;showOnPrint&quot;: true, &quot;showOnPrintMap&quot;: false, &quot;showOnElevation&quot;: false, &quot;cumulatedLocation&quot;: false, &quot;showOnPrintElevation&quot;: false, &quot;stickedDistanceInMeter&quot;: -1, &quot;showTextOnPrintElevation&quot;: false}"/>
    </extensions>
  </wpt>
  <wpt lat="46.15363" lon="4.120553">
    <name>111 Rue de la Republique, Saint-Nizier-sous-Charlieu, 42190</name>
    <sym>1</sym>
    <type>WPT</type>
    <extensions>
      <option option="{&quot;icon&quot;: {&quot;id&quot;: &quot;1&quot;, &quot;i18n&quot;: &quot;Assistants de parcours&quot;, &quot;type&quot;: &quot;default&quot;, &quot;classes&quot;: null, &quot;categorie&quot;: &quot;CATICO-1&quot;, &quot;html_code&quot;: &quot;&amp;#x41&quot;, &quot;description&quot;: null, &quot;custom_order&quot;: 2, &quot;def_svg_symbol_id&quot;: &quot;41&quot;}, &quot;color&quot;: &quot;#26323d&quot;, &quot;title&quot;: &quot;111 Rue de la Republique, Saint-Nizier-sous-Charlieu, 42190&quot;, &quot;bgColor&quot;: &quot;#ffffff&quot;, &quot;content&quot;: &quot;&quot;, &quot;offsetX&quot;: 0, &quot;offsetY&quot;: 0, &quot;tooltip&quot;: {&quot;show&quot;: true, &quot;direction&quot;: &quot;right&quot;, &quot;permanent&quot;: false}, &quot;visibility&quot;: &quot;public&quot;, &quot;showOnPrint&quot;: true, &quot;showOnPrintMap&quot;: false, &quot;showOnElevation&quot;: false, &quot;cumulatedLocation&quot;: false, &quot;showOnPrintElevation&quot;: false, &quot;stickedDistanceInMeter&quot;: -1, &quot;showTextOnPrintElevation&quot;: false}"/>
    </extensions>
  </wpt>
  <wpt lat="46.151201" lon="4.137176">
    <name>40 Impasse d'Avenas, Saint-Nizier-sous-Charlieu, 42190</name>
    <sym>1</sym>
    <type>WPT</type>
    <extensions>
      <option option="{&quot;icon&quot;: {&quot;id&quot;: &quot;1&quot;, &quot;i18n&quot;: &quot;Assistants de parcours&quot;, &quot;type&quot;: &quot;default&quot;, &quot;classes&quot;: null, &quot;categorie&quot;: &quot;CATICO-1&quot;, &quot;html_code&quot;: &quot;&amp;#x41&quot;, &quot;description&quot;: null, &quot;custom_order&quot;: 2, &quot;def_svg_symbol_id&quot;: &quot;41&quot;}, &quot;color&quot;: &quot;#26323d&quot;, &quot;title&quot;: &quot;40 Impasse d'Avenas, Saint-Nizier-sous-Charlieu, 42190&quot;, &quot;bgColor&quot;: &quot;#ffffff&quot;, &quot;content&quot;: &quot;&quot;, &quot;offsetX&quot;: 0, &quot;offsetY&quot;: 0, &quot;tooltip&quot;: {&quot;show&quot;: true, &quot;direction&quot;: &quot;right&quot;, &quot;permanent&quot;: false}, &quot;visibility&quot;: &quot;public&quot;, &quot;showOnPrint&quot;: true, &quot;showOnPrintMap&quot;: false, &quot;showOnElevation&quot;: false, &quot;cumulatedLocation&quot;: false, &quot;showOnPrintElevation&quot;: false, &quot;stickedDistanceInMeter&quot;: -1, &quot;showTextOnPrintElevation&quot;: false}"/>
    </extensions>
  </wpt>
  <wpt lat="46.156324" lon="4.151802">
    <name>571 Chemin des Egats, Saint-Nizier-sous-Charlieu, 42190</name>
    <sym>1</sym>
    <type>WPT</type>
    <extensions>
      <option option="{&quot;icon&quot;: {&quot;id&quot;: &quot;1&quot;, &quot;i18n&quot;: &quot;Assistants de parcours&quot;, &quot;type&quot;: &quot;default&quot;, &quot;classes&quot;: null, &quot;categorie&quot;: &quot;CATICO-1&quot;, &quot;html_code&quot;: &quot;&amp;#x41&quot;, &quot;description&quot;: null, &quot;custom_order&quot;: 2, &quot;def_svg_symbol_id&quot;: &quot;41&quot;}, &quot;color&quot;: &quot;#26323d&quot;, &quot;title&quot;: &quot;571 Chemin des Egats, Saint-Nizier-sous-Charlieu, 42190&quot;, &quot;bgColor&quot;: &quot;#ffffff&quot;, &quot;content&quot;: &quot;&quot;, &quot;offsetX&quot;: 0, &quot;offsetY&quot;: 0, &quot;tooltip&quot;: {&quot;show&quot;: true, &quot;direction&quot;: &quot;right&quot;, &quot;permanent&quot;: false}, &quot;visibility&quot;: &quot;public&quot;, &quot;showOnPrint&quot;: true, &quot;showOnPrintMap&quot;: false, &quot;showOnElevation&quot;: false, &quot;cumulatedLocation&quot;: false, &quot;showOnPrintElevation&quot;: false, &quot;stickedDistanceInMeter&quot;: -1, &quot;showTextOnPrintElevation&quot;: false}"/>
    </extensions>
  </wpt>
  <wpt lat="46.161982" lon="4.146766">
    <name>1096 Chemin de la Grange du Bois, Saint-Nizier-sous-Charlieu, 42190</name>
    <sym>1</sym>
    <type>WPT</type>
    <extensions>
      <option option="{&quot;icon&quot;: {&quot;id&quot;: &quot;1&quot;, &quot;i18n&quot;: &quot;Assistants de parcours&quot;, &quot;type&quot;: &quot;default&quot;, &quot;classes&quot;: null, &quot;categorie&quot;: &quot;CATICO-1&quot;, &quot;html_code&quot;: &quot;&amp;#x41&quot;, &quot;description&quot;: null, &quot;custom_order&quot;: 2, &quot;def_svg_symbol_id&quot;: &quot;41&quot;}, &quot;color&quot;: &quot;#26323d&quot;, &quot;title&quot;: &quot;1096 Chemin de la Grange du Bois, Saint-Nizier-sous-Charlieu, 42190&quot;, &quot;bgColor&quot;: &quot;#ffffff&quot;, &quot;content&quot;: &quot;&quot;, &quot;offsetX&quot;: 0, &quot;offsetY&quot;: 0, &quot;tooltip&quot;: {&quot;show&quot;: true, &quot;direction&quot;: &quot;right&quot;, &quot;permanent&quot;: false}, &quot;visibility&quot;: &quot;public&quot;, &quot;showOnPrint&quot;: true, &quot;showOnPrintMap&quot;: false, &quot;showOnElevation&quot;: false, &quot;cumulatedLocation&quot;: false, &quot;showOnPrintElevation&quot;: false, &quot;stickedDistanceInMeter&quot;: -1, &quot;showTextOnPrintElevation&quot;: false}"/>
    </extensions>
  </wpt>
  <wpt lat="46.163968" lon="4.141949">
    <name>1514 Chemin de la Grange du Bois, Saint-Nizier-sous-Charlieu, 42190</name>
    <sym>1</sym>
    <type>WPT</type>
    <extensions>
      <option option="{&quot;icon&quot;: {&quot;id&quot;: &quot;1&quot;, &quot;i18n&quot;: &quot;Assistants de parcours&quot;, &quot;type&quot;: &quot;default&quot;, &quot;classes&quot;: null, &quot;categorie&quot;: &quot;CATICO-1&quot;, &quot;html_code&quot;: &quot;&amp;#x41&quot;, &quot;description&quot;: null, &quot;custom_order&quot;: 2, &quot;def_svg_symbol_id&quot;: &quot;41&quot;}, &quot;color&quot;: &quot;#26323d&quot;, &quot;title&quot;: &quot;1514 Chemin de la Grange du Bois, Saint-Nizier-sous-Charlieu, 42190&quot;, &quot;bgColor&quot;: &quot;#ffffff&quot;, &quot;content&quot;: &quot;&quot;, &quot;offsetX&quot;: 0, &quot;offsetY&quot;: 0, &quot;tooltip&quot;: {&quot;show&quot;: true, &quot;direction&quot;: &quot;right&quot;, &quot;permanent&quot;: false}, &quot;visibility&quot;: &quot;public&quot;, &quot;showOnPrint&quot;: true, &quot;showOnPrintMap&quot;: false, &quot;showOnElevation&quot;: false, &quot;cumulatedLocation&quot;: false, &quot;showOnPrintElevation&quot;: false, &quot;stickedDistanceInMeter&quot;: -1, &quot;showTextOnPrintElevation&quot;: false}"/>
    </extensions>
  </wpt>
  <wpt lat="46.16394" lon="4.140263">
    <name>42190</name>
    <sym>1</sym>
    <type>WPT</type>
    <extensions>
      <option option="{&quot;icon&quot;: {&quot;id&quot;: &quot;1&quot;, &quot;i18n&quot;: &quot;Assistants de parcours&quot;, &quot;type&quot;: &quot;default&quot;, &quot;classes&quot;: null, &quot;categorie&quot;: &quot;CATICO-1&quot;, &quot;html_code&quot;: &quot;&amp;#x41&quot;, &quot;description&quot;: null, &quot;custom_order&quot;: 2, &quot;def_svg_symbol_id&quot;: &quot;41&quot;}, &quot;color&quot;: &quot;#26323d&quot;, &quot;title&quot;: &quot;42190&quot;, &quot;bgColor&quot;: &quot;#ffffff&quot;, &quot;content&quot;: &quot;&quot;, &quot;offsetX&quot;: 0, &quot;offsetY&quot;: 0, &quot;tooltip&quot;: {&quot;show&quot;: true, &quot;direction&quot;: &quot;right&quot;, &quot;permanent&quot;: false}, &quot;visibility&quot;: &quot;public&quot;, &quot;showOnPrint&quot;: true, &quot;showOnPrintMap&quot;: false, &quot;showOnElevation&quot;: false, &quot;cumulatedLocation&quot;: false, &quot;showOnPrintElevation&quot;: false, &quot;stickedDistanceInMeter&quot;: -1, &quot;showTextOnPrintElevation&quot;: false}"/>
    </extensions>
  </wpt>
  <wpt lat="46.164829" lon="4.135055">
    <name>1656 Montée de la Girouette, Saint-Nizier-sous-Charlieu, 42190</name>
    <sym>1</sym>
    <type>WPT</type>
    <extensions>
      <option option="{&quot;icon&quot;: {&quot;id&quot;: &quot;1&quot;, &quot;i18n&quot;: &quot;Assistants de parcours&quot;, &quot;type&quot;: &quot;default&quot;, &quot;classes&quot;: null, &quot;categorie&quot;: &quot;CATICO-1&quot;, &quot;html_code&quot;: &quot;&amp;#x41&quot;, &quot;description&quot;: null, &quot;custom_order&quot;: 2, &quot;def_svg_symbol_id&quot;: &quot;41&quot;}, &quot;color&quot;: &quot;#26323d&quot;, &quot;title&quot;: &quot;1656 Mont\u00e9e de la Girouette, Saint-Nizier-sous-Charlieu, 42190&quot;, &quot;bgColor&quot;: &quot;#ffffff&quot;, &quot;content&quot;: &quot;&quot;, &quot;offsetX&quot;: 0, &quot;offsetY&quot;: 0, &quot;tooltip&quot;: {&quot;show&quot;: true, &quot;direction&quot;: &quot;right&quot;, &quot;permanent&quot;: false}, &quot;visibility&quot;: &quot;public&quot;, &quot;showOnPrint&quot;: true, &quot;showOnPrintMap&quot;: false, &quot;showOnElevation&quot;: false, &quot;cumulatedLocation&quot;: false, &quot;showOnPrintElevation&quot;: false, &quot;stickedDistanceInMeter&quot;: -1, &quot;showTextOnPrintElevation&quot;: false}"/>
    </extensions>
  </wpt>
  <wpt lat="46.164296" lon="4.121819">
    <name>390 Chemin du Belvédère, Saint-Nizier-sous-Charlieu, 42190</name>
    <sym>1</sym>
    <type>WPT</type>
    <extensions>
      <option option="{&quot;icon&quot;: {&quot;id&quot;: &quot;1&quot;, &quot;i18n&quot;: &quot;Assistants de parcours&quot;, &quot;type&quot;: &quot;default&quot;, &quot;classes&quot;: null, &quot;categorie&quot;: &quot;CATICO-1&quot;, &quot;html_code&quot;: &quot;&amp;#x41&quot;, &quot;description&quot;: null, &quot;custom_order&quot;: 2, &quot;def_svg_symbol_id&quot;: &quot;41&quot;}, &quot;color&quot;: &quot;#26323d&quot;, &quot;title&quot;: &quot;390 Chemin du Belv\u00e9d\u00e8re, Saint-Nizier-sous-Charlieu, 42190&quot;, &quot;bgColor&quot;: &quot;#ffffff&quot;, &quot;content&quot;: &quot;&quot;, &quot;offsetX&quot;: 0, &quot;offsetY&quot;: 0, &quot;tooltip&quot;: {&quot;show&quot;: true, &quot;direction&quot;: &quot;right&quot;, &quot;permanent&quot;: false}, &quot;visibility&quot;: &quot;public&quot;, &quot;showOnPrint&quot;: true, &quot;showOnPrintMap&quot;: false, &quot;showOnElevation&quot;: false, &quot;cumulatedLocation&quot;: false, &quot;showOnPrintElevation&quot;: false, &quot;stickedDistanceInMeter&quot;: -1, &quot;showTextOnPrintElevation&quot;: false}"/>
    </extensions>
  </wpt>
  <wpt lat="46.165934" lon="4.123703">
    <name>1351 Chemin des Forêts, Saint-Nizier-sous-Charlieu, 42190</name>
    <sym>1</sym>
    <type>WPT</type>
    <extensions>
      <option option="{&quot;icon&quot;: {&quot;id&quot;: &quot;1&quot;, &quot;i18n&quot;: &quot;Assistants de parcours&quot;, &quot;type&quot;: &quot;default&quot;, &quot;classes&quot;: null, &quot;categorie&quot;: &quot;CATICO-1&quot;, &quot;html_code&quot;: &quot;&amp;#x41&quot;, &quot;description&quot;: null, &quot;custom_order&quot;: 2, &quot;def_svg_symbol_id&quot;: &quot;41&quot;}, &quot;color&quot;: &quot;#26323d&quot;, &quot;title&quot;: &quot;1351 Chemin des For\u00eats, Saint-Nizier-sous-Charlieu, 42190&quot;, &quot;bgColor&quot;: &quot;#ffffff&quot;, &quot;content&quot;: &quot;&quot;, &quot;offsetX&quot;: 0, &quot;offsetY&quot;: 0, &quot;tooltip&quot;: {&quot;show&quot;: true, &quot;direction&quot;: &quot;right&quot;, &quot;permanent&quot;: false}, &quot;visibility&quot;: &quot;public&quot;, &quot;showOnPrint&quot;: true, &quot;showOnPrintMap&quot;: false, &quot;showOnElevation&quot;: false, &quot;cumulatedLocation&quot;: false, &quot;showOnPrintElevation&quot;: false, &quot;stickedDistanceInMeter&quot;: -1, &quot;showTextOnPrintElevation&quot;: false}"/>
    </extensions>
  </wpt>
  <wpt lat="46.166875" lon="4.122188">
    <name>580 Chemin du Chérondée, Saint-Nizier-sous-Charlieu, 42190</name>
    <sym>1</sym>
    <type>WPT</type>
    <extensions>
      <option option="{&quot;icon&quot;: {&quot;id&quot;: &quot;1&quot;, &quot;i18n&quot;: &quot;Assistants de parcours&quot;, &quot;type&quot;: &quot;default&quot;, &quot;classes&quot;: null, &quot;categorie&quot;: &quot;CATICO-1&quot;, &quot;html_code&quot;: &quot;&amp;#x41&quot;, &quot;description&quot;: null, &quot;custom_order&quot;: 2, &quot;def_svg_symbol_id&quot;: &quot;41&quot;}, &quot;color&quot;: &quot;#26323d&quot;, &quot;title&quot;: &quot;580 Chemin du Ch\u00e9rond\u00e9e, Saint-Nizier-sous-Charlieu, 42190&quot;, &quot;bgColor&quot;: &quot;#ffffff&quot;, &quot;content&quot;: &quot;&quot;, &quot;offsetX&quot;: 0, &quot;offsetY&quot;: 0, &quot;tooltip&quot;: {&quot;show&quot;: true, &quot;direction&quot;: &quot;right&quot;, &quot;permanent&quot;: false}, &quot;visibility&quot;: &quot;public&quot;, &quot;showOnPrint&quot;: true, &quot;showOnPrintMap&quot;: false, &quot;showOnElevation&quot;: false, &quot;cumulatedLocation&quot;: false, &quot;showOnPrintElevation&quot;: false, &quot;stickedDistanceInMeter&quot;: -1, &quot;showTextOnPrintElevation&quot;: false}"/>
    </extensions>
  </wpt>
  <wpt lat="46.164219" lon="4.117689">
    <name>131 Chemin du Chérondée, Saint-Nizier-sous-Charlieu, 42190</name>
    <sym>1</sym>
    <type>WPT</type>
    <extensions>
      <option option="{&quot;icon&quot;: {&quot;id&quot;: &quot;1&quot;, &quot;i18n&quot;: &quot;Assistants de parcours&quot;, &quot;type&quot;: &quot;default&quot;, &quot;classes&quot;: null, &quot;categorie&quot;: &quot;CATICO-1&quot;, &quot;html_code&quot;: &quot;&amp;#x41&quot;, &quot;description&quot;: null, &quot;custom_order&quot;: 2, &quot;def_svg_symbol_id&quot;: &quot;41&quot;}, &quot;color&quot;: &quot;#26323d&quot;, &quot;title&quot;: &quot;131 Chemin du Ch\u00e9rond\u00e9e, Saint-Nizier-sous-Charlieu, 42190&quot;, &quot;bgColor&quot;: &quot;#ffffff&quot;, &quot;content&quot;: &quot;&quot;, &quot;offsetX&quot;: 0, &quot;offsetY&quot;: 0, &quot;tooltip&quot;: {&quot;show&quot;: true, &quot;direction&quot;: &quot;right&quot;, &quot;permanent&quot;: false}, &quot;visibility&quot;: &quot;public&quot;, &quot;showOnPrint&quot;: true, &quot;showOnPrintMap&quot;: false, &quot;showOnElevation&quot;: false, &quot;cumulatedLocation&quot;: false, &quot;showOnPrintElevation&quot;: false, &quot;stickedDistanceInMeter&quot;: -1, &quot;showTextOnPrintElevation&quot;: false}"/>
    </extensions>
  </wpt>
  <wpt lat="46.162584" lon="4.119189">
    <name>153 Chemin des Mignonettes, Saint-Nizier-sous-Charlieu, 42190</name>
    <sym>1</sym>
    <type>WPT</type>
    <extensions>
      <option option="{&quot;icon&quot;: {&quot;id&quot;: &quot;1&quot;, &quot;i18n&quot;: &quot;Assistants de parcours&quot;, &quot;type&quot;: &quot;default&quot;, &quot;classes&quot;: null, &quot;categorie&quot;: &quot;CATICO-1&quot;, &quot;html_code&quot;: &quot;&amp;#x41&quot;, &quot;description&quot;: null, &quot;custom_order&quot;: 2, &quot;def_svg_symbol_id&quot;: &quot;41&quot;}, &quot;color&quot;: &quot;#26323d&quot;, &quot;title&quot;: &quot;153 Chemin des Mignonettes, Saint-Nizier-sous-Charlieu, 42190&quot;, &quot;bgColor&quot;: &quot;#ffffff&quot;, &quot;content&quot;: &quot;&quot;, &quot;offsetX&quot;: 0, &quot;offsetY&quot;: 0, &quot;tooltip&quot;: {&quot;show&quot;: true, &quot;direction&quot;: &quot;right&quot;, &quot;permanent&quot;: false}, &quot;visibility&quot;: &quot;public&quot;, &quot;showOnPrint&quot;: true, &quot;showOnPrintMap&quot;: false, &quot;showOnElevation&quot;: false, &quot;cumulatedLocation&quot;: false, &quot;showOnPrintElevation&quot;: false, &quot;stickedDistanceInMeter&quot;: -1, &quot;showTextOnPrintElevation&quot;: false}"/>
    </extensions>
  </wpt>
  <wpt lat="46.160047" lon="4.116855">
    <name>42190</name>
    <sym>1</sym>
    <type>WPT</type>
    <extensions>
      <option option="{&quot;icon&quot;: {&quot;id&quot;: &quot;1&quot;, &quot;i18n&quot;: &quot;Assistants de parcours&quot;, &quot;type&quot;: &quot;default&quot;, &quot;classes&quot;: null, &quot;categorie&quot;: &quot;CATICO-1&quot;, &quot;html_code&quot;: &quot;&amp;#x41&quot;, &quot;description&quot;: null, &quot;custom_order&quot;: 2, &quot;def_svg_symbol_id&quot;: &quot;41&quot;}, &quot;color&quot;: &quot;#26323d&quot;, &quot;title&quot;: &quot;42190&quot;, &quot;bgColor&quot;: &quot;#ffffff&quot;, &quot;content&quot;: &quot;&quot;, &quot;offsetX&quot;: 0, &quot;offsetY&quot;: 0, &quot;tooltip&quot;: {&quot;show&quot;: true, &quot;direction&quot;: &quot;right&quot;, &quot;permanent&quot;: false}, &quot;visibility&quot;: &quot;public&quot;, &quot;showOnPrint&quot;: true, &quot;showOnPrintMap&quot;: false, &quot;showOnElevation&quot;: false, &quot;cumulatedLocation&quot;: false, &quot;showOnPrintElevation&quot;: false, &quot;stickedDistanceInMeter&quot;: -1, &quot;showTextOnPrintElevation&quot;: false}"/>
    </extensions>
  </wpt>
  <wpt lat="46.158158" lon="4.115607">
    <name>996 Chemin des Cours, Saint-Nizier-sous-Charlieu, 42190</name>
    <sym>1</sym>
    <type>WPT</type>
    <extensions>
      <option option="{&quot;icon&quot;: {&quot;id&quot;: &quot;1&quot;, &quot;i18n&quot;: &quot;Assistants de parcours&quot;, &quot;type&quot;: &quot;default&quot;, &quot;classes&quot;: null, &quot;categorie&quot;: &quot;CATICO-1&quot;, &quot;html_code&quot;: &quot;&amp;#x41&quot;, &quot;description&quot;: null, &quot;custom_order&quot;: 2, &quot;def_svg_symbol_id&quot;: &quot;41&quot;}, &quot;color&quot;: &quot;#26323d&quot;, &quot;title&quot;: &quot;996 Chemin des Cours, Saint-Nizier-sous-Charlieu, 42190&quot;, &quot;bgColor&quot;: &quot;#ffffff&quot;, &quot;content&quot;: &quot;&quot;, &quot;offsetX&quot;: 0, &quot;offsetY&quot;: 0, &quot;tooltip&quot;: {&quot;show&quot;: true, &quot;direction&quot;: &quot;right&quot;, &quot;permanent&quot;: false}, &quot;visibility&quot;: &quot;public&quot;, &quot;showOnPrint&quot;: true, &quot;showOnPrintMap&quot;: false, &quot;showOnElevation&quot;: false, &quot;cumulatedLocation&quot;: false, &quot;showOnPrintElevation&quot;: false, &quot;stickedDistanceInMeter&quot;: -1, &quot;showTextOnPrintElevation&quot;: false}"/>
    </extensions>
  </wpt>
  <wpt lat="46.159476" lon="4.120118">
    <name>604 Chemin des Gatilles, Saint-Nizier-sous-Charlieu, 42190</name>
    <sym>1</sym>
    <type>WPT</type>
    <extensions>
      <option option="{&quot;icon&quot;: {&quot;id&quot;: &quot;1&quot;, &quot;i18n&quot;: &quot;Assistants de parcours&quot;, &quot;type&quot;: &quot;default&quot;, &quot;classes&quot;: null, &quot;categorie&quot;: &quot;CATICO-1&quot;, &quot;html_code&quot;: &quot;&amp;#x41&quot;, &quot;description&quot;: null, &quot;custom_order&quot;: 2, &quot;def_svg_symbol_id&quot;: &quot;41&quot;}, &quot;color&quot;: &quot;#26323d&quot;, &quot;title&quot;: &quot;604 Chemin des Gatilles, Saint-Nizier-sous-Charlieu, 42190&quot;, &quot;bgColor&quot;: &quot;#ffffff&quot;, &quot;content&quot;: &quot;&quot;, &quot;offsetX&quot;: 0, &quot;offsetY&quot;: 0, &quot;tooltip&quot;: {&quot;show&quot;: true, &quot;direction&quot;: &quot;right&quot;, &quot;permanent&quot;: false}, &quot;visibility&quot;: &quot;public&quot;, &quot;showOnPrint&quot;: true, &quot;showOnPrintMap&quot;: false, &quot;showOnElevation&quot;: false, &quot;cumulatedLocation&quot;: false, &quot;showOnPrintElevation&quot;: false, &quot;stickedDistanceInMeter&quot;: -1, &quot;showTextOnPrintElevation&quot;: false}"/>
    </extensions>
  </wpt>
  <wpt lat="46.16144" lon="4.126552">
    <name>1181 Chemin des Gatilles, Saint-Nizier-sous-Charlieu, 42190</name>
    <sym>1</sym>
    <type>WPT</type>
    <extensions>
      <option option="{&quot;icon&quot;: {&quot;id&quot;: &quot;1&quot;, &quot;i18n&quot;: &quot;Assistants de parcours&quot;, &quot;type&quot;: &quot;default&quot;, &quot;classes&quot;: null, &quot;categorie&quot;: &quot;CATICO-1&quot;, &quot;html_code&quot;: &quot;&amp;#x41&quot;, &quot;description&quot;: null, &quot;custom_order&quot;: 2, &quot;def_svg_symbol_id&quot;: &quot;41&quot;}, &quot;color&quot;: &quot;#26323d&quot;, &quot;title&quot;: &quot;1181 Chemin des Gatilles, Saint-Nizier-sous-Charlieu, 42190&quot;, &quot;bgColor&quot;: &quot;#ffffff&quot;, &quot;content&quot;: &quot;&quot;, &quot;offsetX&quot;: 0, &quot;offsetY&quot;: 0, &quot;tooltip&quot;: {&quot;show&quot;: true, &quot;direction&quot;: &quot;right&quot;, &quot;permanent&quot;: false}, &quot;visibility&quot;: &quot;public&quot;, &quot;showOnPrint&quot;: true, &quot;showOnPrintMap&quot;: false, &quot;showOnElevation&quot;: false, &quot;cumulatedLocation&quot;: false, &quot;showOnPrintElevation&quot;: false, &quot;stickedDistanceInMeter&quot;: -1, &quot;showTextOnPrintElevation&quot;: false}"/>
    </extensions>
  </wpt>
  <wpt lat="46.154462" lon="4.123022">
    <name>91bis Rue de la Mairie, Saint-Nizier-sous-Charlieu, 42190</name>
    <sym>1</sym>
    <type>WPT</type>
    <extensions>
      <option option="{&quot;icon&quot;: {&quot;id&quot;: &quot;1&quot;, &quot;i18n&quot;: &quot;Assistants de parcours&quot;, &quot;type&quot;: &quot;default&quot;, &quot;classes&quot;: null, &quot;categorie&quot;: &quot;CATICO-1&quot;, &quot;html_code&quot;: &quot;&amp;#x41&quot;, &quot;description&quot;: null, &quot;custom_order&quot;: 2, &quot;def_svg_symbol_id&quot;: &quot;41&quot;}, &quot;color&quot;: &quot;#26323d&quot;, &quot;title&quot;: &quot;91bis Rue de la Mairie, Saint-Nizier-sous-Charlieu, 42190&quot;, &quot;bgColor&quot;: &quot;#ffffff&quot;, &quot;content&quot;: &quot;&quot;, &quot;offsetX&quot;: 0, &quot;offsetY&quot;: 0, &quot;tooltip&quot;: {&quot;show&quot;: true, &quot;direction&quot;: &quot;right&quot;, &quot;permanent&quot;: false}, &quot;visibility&quot;: &quot;public&quot;, &quot;showOnPrint&quot;: true, &quot;showOnPrintMap&quot;: false, &quot;showOnElevation&quot;: false, &quot;cumulatedLocation&quot;: false, &quot;showOnPrintElevation&quot;: false, &quot;stickedDistanceInMeter&quot;: -1, &quot;showTextOnPrintElevation&quot;: false}"/>
    </extensions>
  </wpt>
  <wpt lat="46.15367" lon="4.121503">
    <name>158 Rue de la Republique, Saint-Nizier-sous-Charlieu, 42190</name>
    <sym>1</sym>
    <type>WPT</type>
    <extensions>
      <option option="{&quot;icon&quot;: {&quot;id&quot;: &quot;1&quot;, &quot;i18n&quot;: &quot;Assistants de parcours&quot;, &quot;type&quot;: &quot;default&quot;, &quot;classes&quot;: null, &quot;categorie&quot;: &quot;CATICO-1&quot;, &quot;html_code&quot;: &quot;&amp;#x41&quot;, &quot;description&quot;: null, &quot;custom_order&quot;: 2, &quot;def_svg_symbol_id&quot;: &quot;41&quot;}, &quot;color&quot;: &quot;#26323d&quot;, &quot;title&quot;: &quot;158 Rue de la Republique, Saint-Nizier-sous-Charlieu, 42190&quot;, &quot;bgColor&quot;: &quot;#ffffff&quot;, &quot;content&quot;: &quot;&quot;, &quot;offsetX&quot;: 0, &quot;offsetY&quot;: 0, &quot;tooltip&quot;: {&quot;show&quot;: true, &quot;direction&quot;: &quot;right&quot;, &quot;permanent&quot;: false}, &quot;visibility&quot;: &quot;public&quot;, &quot;showOnPrint&quot;: true, &quot;showOnPrintMap&quot;: false, &quot;showOnElevation&quot;: false, &quot;cumulatedLocation&quot;: false, &quot;showOnPrintElevation&quot;: false, &quot;stickedDistanceInMeter&quot;: -1, &quot;showTextOnPrintElevation&quot;: false}"/>
    </extensions>
  </wpt>
  <wpt lat="46.153653" lon="4.12091">
    <name>111 Rue de la Republique, Saint-Nizier-sous-Charlieu, 42190</name>
    <sym>1</sym>
    <type>WPT</type>
    <extensions>
      <option option="{&quot;icon&quot;: {&quot;id&quot;: &quot;1&quot;, &quot;i18n&quot;: &quot;Assistants de parcours&quot;, &quot;type&quot;: &quot;default&quot;, &quot;classes&quot;: null, &quot;categorie&quot;: &quot;CATICO-1&quot;, &quot;html_code&quot;: &quot;&amp;#x41&quot;, &quot;description&quot;: null, &quot;custom_order&quot;: 2, &quot;def_svg_symbol_id&quot;: &quot;41&quot;}, &quot;color&quot;: &quot;#26323d&quot;, &quot;title&quot;: &quot;111 Rue de la Republique, Saint-Nizier-sous-Charlieu, 42190&quot;, &quot;bgColor&quot;: &quot;#ffffff&quot;, &quot;content&quot;: &quot;&quot;, &quot;offsetX&quot;: 0, &quot;offsetY&quot;: 0, &quot;tooltip&quot;: {&quot;show&quot;: true, &quot;direction&quot;: &quot;right&quot;, &quot;permanent&quot;: false}, &quot;visibility&quot;: &quot;public&quot;, &quot;showOnPrint&quot;: true, &quot;showOnPrintMap&quot;: false, &quot;showOnElevation&quot;: false, &quot;cumulatedLocation&quot;: false, &quot;showOnPrintElevation&quot;: false, &quot;stickedDistanceInMeter&quot;: -1, &quot;showTextOnPrintElevation&quot;: false}"/>
    </extensions>
  </wpt>
  <wpt lat="46.153622" lon="4.12262">
    <name>265 Rue de la Republique, Saint-Nizier-sous-Charlieu, 42190</name>
    <sym>1</sym>
    <type>WPT</type>
    <extensions>
      <option option="{&quot;icon&quot;: {&quot;id&quot;: &quot;1&quot;, &quot;i18n&quot;: &quot;Assistants de parcours&quot;, &quot;type&quot;: &quot;default&quot;, &quot;classes&quot;: null, &quot;categorie&quot;: &quot;CATICO-1&quot;, &quot;html_code&quot;: &quot;&amp;#x41&quot;, &quot;description&quot;: null, &quot;custom_order&quot;: 2, &quot;def_svg_symbol_id&quot;: &quot;41&quot;}, &quot;color&quot;: &quot;#26323d&quot;, &quot;title&quot;: &quot;265 Rue de la Republique, Saint-Nizier-sous-Charlieu, 42190&quot;, &quot;bgColor&quot;: &quot;#ffffff&quot;, &quot;content&quot;: &quot;&quot;, &quot;offsetX&quot;: 0, &quot;offsetY&quot;: 0, &quot;tooltip&quot;: {&quot;show&quot;: true, &quot;direction&quot;: &quot;right&quot;, &quot;permanent&quot;: false}, &quot;visibility&quot;: &quot;public&quot;, &quot;showOnPrint&quot;: true, &quot;showOnPrintMap&quot;: false, &quot;showOnElevation&quot;: false, &quot;cumulatedLocation&quot;: false, &quot;showOnPrintElevation&quot;: false, &quot;stickedDistanceInMeter&quot;: -1, &quot;showTextOnPrintElevation&quot;: false}"/>
    </extensions>
  </wpt>
  <wpt lat="46.153787" lon="4.123242">
    <name>Rue de la Mairie, Saint-Nizier-sous-Charlieu, 42190</name>
    <sym>1</sym>
    <type>WPT</type>
    <extensions>
      <option option="{&quot;icon&quot;: {&quot;id&quot;: &quot;1&quot;, &quot;i18n&quot;: &quot;Assistants de parcours&quot;, &quot;type&quot;: &quot;default&quot;, &quot;classes&quot;: null, &quot;categorie&quot;: &quot;CATICO-1&quot;, &quot;html_code&quot;: &quot;&amp;#x41&quot;, &quot;description&quot;: null, &quot;custom_order&quot;: 2, &quot;def_svg_symbol_id&quot;: &quot;41&quot;}, &quot;color&quot;: &quot;#26323d&quot;, &quot;title&quot;: &quot;Rue de la Mairie, Saint-Nizier-sous-Charlieu, 42190&quot;, &quot;bgColor&quot;: &quot;#ffffff&quot;, &quot;content&quot;: &quot;&quot;, &quot;offsetX&quot;: 0, &quot;offsetY&quot;: 0, &quot;tooltip&quot;: {&quot;show&quot;: true, &quot;direction&quot;: &quot;right&quot;, &quot;permanent&quot;: false}, &quot;visibility&quot;: &quot;public&quot;, &quot;showOnPrint&quot;: true, &quot;showOnPrintMap&quot;: false, &quot;showOnElevation&quot;: false, &quot;cumulatedLocation&quot;: false, &quot;showOnPrintElevation&quot;: false, &quot;stickedDistanceInMeter&quot;: -1, &quot;showTextOnPrintElevation&quot;: false}"/>
    </extensions>
  </wpt>
  <wpt lat="46.154912" lon="4.123093">
    <name>126 Chemin des Cours, Saint-Nizier-sous-Charlieu, 42190</name>
    <sym>1</sym>
    <type>WPT</type>
    <extensions>
      <option option="{&quot;icon&quot;: {&quot;id&quot;: &quot;1&quot;, &quot;i18n&quot;: &quot;Assistants de parcours&quot;, &quot;type&quot;: &quot;default&quot;, &quot;classes&quot;: null, &quot;categorie&quot;: &quot;CATICO-1&quot;, &quot;html_code&quot;: &quot;&amp;#x41&quot;, &quot;description&quot;: null, &quot;custom_order&quot;: 2, &quot;def_svg_symbol_id&quot;: &quot;41&quot;}, &quot;color&quot;: &quot;#26323d&quot;, &quot;title&quot;: &quot;126 Chemin des Cours, Saint-Nizier-sous-Charlieu, 42190&quot;, &quot;bgColor&quot;: &quot;#ffffff&quot;, &quot;content&quot;: &quot;&quot;, &quot;offsetX&quot;: 0, &quot;offsetY&quot;: 0, &quot;tooltip&quot;: {&quot;show&quot;: true, &quot;direction&quot;: &quot;right&quot;, &quot;permanent&quot;: false}, &quot;visibility&quot;: &quot;public&quot;, &quot;showOnPrint&quot;: true, &quot;showOnPrintMap&quot;: false, &quot;showOnElevation&quot;: false, &quot;cumulatedLocation&quot;: false, &quot;showOnPrintElevation&quot;: false, &quot;stickedDistanceInMeter&quot;: -1, &quot;showTextOnPrintElevation&quot;: false}"/>
    </extensions>
  </wpt>
  <wpt lat="46.157138" lon="4.123123">
    <name>405 Chemin des Cours, Saint-Nizier-sous-Charlieu, 42190</name>
    <sym>1</sym>
    <type>WPT</type>
    <extensions>
      <option option="{&quot;icon&quot;: {&quot;id&quot;: &quot;1&quot;, &quot;i18n&quot;: &quot;Assistants de parcours&quot;, &quot;type&quot;: &quot;default&quot;, &quot;classes&quot;: null, &quot;categorie&quot;: &quot;CATICO-1&quot;, &quot;html_code&quot;: &quot;&amp;#x41&quot;, &quot;description&quot;: null, &quot;custom_order&quot;: 2, &quot;def_svg_symbol_id&quot;: &quot;41&quot;}, &quot;color&quot;: &quot;#26323d&quot;, &quot;title&quot;: &quot;405 Chemin des Cours, Saint-Nizier-sous-Charlieu, 42190&quot;, &quot;bgColor&quot;: &quot;#ffffff&quot;, &quot;content&quot;: &quot;&quot;, &quot;offsetX&quot;: 0, &quot;offsetY&quot;: 0, &quot;tooltip&quot;: {&quot;show&quot;: true, &quot;direction&quot;: &quot;right&quot;, &quot;permanent&quot;: false}, &quot;visibility&quot;: &quot;public&quot;, &quot;showOnPrint&quot;: true, &quot;showOnPrintMap&quot;: false, &quot;showOnElevation&quot;: false, &quot;cumulatedLocation&quot;: false, &quot;showOnPrintElevation&quot;: false, &quot;stickedDistanceInMeter&quot;: -1, &quot;showTextOnPrintElevation&quot;: false}"/>
    </extensions>
  </wpt>
  <wpt lat="46.158025" lon="4.120836">
    <name>667 Chemin des Cours, Saint-Nizier-sous-Charlieu, 42190</name>
    <sym>1</sym>
    <type>WPT</type>
    <extensions>
      <option option="{&quot;icon&quot;: {&quot;id&quot;: &quot;1&quot;, &quot;i18n&quot;: &quot;Assistants de parcours&quot;, &quot;type&quot;: &quot;default&quot;, &quot;classes&quot;: null, &quot;categorie&quot;: &quot;CATICO-1&quot;, &quot;html_code&quot;: &quot;&amp;#x41&quot;, &quot;description&quot;: null, &quot;custom_order&quot;: 2, &quot;def_svg_symbol_id&quot;: &quot;41&quot;}, &quot;color&quot;: &quot;#26323d&quot;, &quot;title&quot;: &quot;667 Chemin des Cours, Saint-Nizier-sous-Charlieu, 42190&quot;, &quot;bgColor&quot;: &quot;#ffffff&quot;, &quot;content&quot;: &quot;&quot;, &quot;offsetX&quot;: 0, &quot;offsetY&quot;: 0, &quot;tooltip&quot;: {&quot;show&quot;: true, &quot;direction&quot;: &quot;right&quot;, &quot;permanent&quot;: false}, &quot;visibility&quot;: &quot;public&quot;, &quot;showOnPrint&quot;: true, &quot;showOnPrintMap&quot;: false, &quot;showOnElevation&quot;: false, &quot;cumulatedLocation&quot;: false, &quot;showOnPrintElevation&quot;: false, &quot;stickedDistanceInMeter&quot;: -1, &quot;showTextOnPrintElevation&quot;: false}"/>
    </extensions>
  </wpt>
  <wpt lat="46.158104" lon="4.120203">
    <name>667 Chemin des Cours, Saint-Nizier-sous-Charlieu, 42190</name>
    <sym>1</sym>
    <type>WPT</type>
    <extensions>
      <option option="{&quot;icon&quot;: {&quot;id&quot;: &quot;1&quot;, &quot;i18n&quot;: &quot;Assistants de parcours&quot;, &quot;type&quot;: &quot;default&quot;, &quot;classes&quot;: null, &quot;categorie&quot;: &quot;CATICO-1&quot;, &quot;html_code&quot;: &quot;&amp;#x41&quot;, &quot;description&quot;: null, &quot;custom_order&quot;: 2, &quot;def_svg_symbol_id&quot;: &quot;41&quot;}, &quot;color&quot;: &quot;#26323d&quot;, &quot;title&quot;: &quot;667 Chemin des Cours, Saint-Nizier-sous-Charlieu, 42190&quot;, &quot;bgColor&quot;: &quot;#ffffff&quot;, &quot;content&quot;: &quot;&quot;, &quot;offsetX&quot;: 0, &quot;offsetY&quot;: 0, &quot;tooltip&quot;: {&quot;show&quot;: true, &quot;direction&quot;: &quot;right&quot;, &quot;permanent&quot;: false}, &quot;visibility&quot;: &quot;public&quot;, &quot;showOnPrint&quot;: true, &quot;showOnPrintMap&quot;: false, &quot;showOnElevation&quot;: false, &quot;cumulatedLocation&quot;: false, &quot;showOnPrintElevation&quot;: false, &quot;stickedDistanceInMeter&quot;: -1, &quot;showTextOnPrintElevation&quot;: false}"/>
    </extensions>
  </wpt>
  <wpt lat="46.158053" lon="4.119557">
    <name>722 Chemin des Cours, Saint-Nizier-sous-Charlieu, 42190</name>
    <sym>1</sym>
    <type>WPT</type>
    <extensions>
      <option option="{&quot;icon&quot;: {&quot;id&quot;: &quot;1&quot;, &quot;i18n&quot;: &quot;Assistants de parcours&quot;, &quot;type&quot;: &quot;default&quot;, &quot;classes&quot;: null, &quot;categorie&quot;: &quot;CATICO-1&quot;, &quot;html_code&quot;: &quot;&amp;#x41&quot;, &quot;description&quot;: null, &quot;custom_order&quot;: 2, &quot;def_svg_symbol_id&quot;: &quot;41&quot;}, &quot;color&quot;: &quot;#26323d&quot;, &quot;title&quot;: &quot;722 Chemin des Cours, Saint-Nizier-sous-Charlieu, 42190&quot;, &quot;bgColor&quot;: &quot;#ffffff&quot;, &quot;content&quot;: &quot;&quot;, &quot;offsetX&quot;: 0, &quot;offsetY&quot;: 0, &quot;tooltip&quot;: {&quot;show&quot;: true, &quot;direction&quot;: &quot;right&quot;, &quot;permanent&quot;: false}, &quot;visibility&quot;: &quot;public&quot;, &quot;showOnPrint&quot;: true, &quot;showOnPrintMap&quot;: false, &quot;showOnElevation&quot;: false, &quot;cumulatedLocation&quot;: false, &quot;showOnPrintElevation&quot;: false, &quot;stickedDistanceInMeter&quot;: -1, &quot;showTextOnPrintElevation&quot;: false}"/>
    </extensions>
  </wpt>
  <wpt lat="46.157665" lon="4.118457">
    <name>355 Chemin des Gatilles, Saint-Nizier-sous-Charlieu, 42190</name>
    <sym>1</sym>
    <type>WPT</type>
    <extensions>
      <option option="{&quot;icon&quot;: {&quot;id&quot;: &quot;1&quot;, &quot;i18n&quot;: &quot;Assistants de parcours&quot;, &quot;type&quot;: &quot;default&quot;, &quot;classes&quot;: null, &quot;categorie&quot;: &quot;CATICO-1&quot;, &quot;html_code&quot;: &quot;&amp;#x41&quot;, &quot;description&quot;: null, &quot;custom_order&quot;: 2, &quot;def_svg_symbol_id&quot;: &quot;41&quot;}, &quot;color&quot;: &quot;#26323d&quot;, &quot;title&quot;: &quot;355 Chemin des Gatilles, Saint-Nizier-sous-Charlieu, 42190&quot;, &quot;bgColor&quot;: &quot;#ffffff&quot;, &quot;content&quot;: &quot;&quot;, &quot;offsetX&quot;: 0, &quot;offsetY&quot;: 0, &quot;tooltip&quot;: {&quot;show&quot;: true, &quot;direction&quot;: &quot;right&quot;, &quot;permanent&quot;: false}, &quot;visibility&quot;: &quot;public&quot;, &quot;showOnPrint&quot;: true, &quot;showOnPrintMap&quot;: false, &quot;showOnElevation&quot;: false, &quot;cumulatedLocation&quot;: false, &quot;showOnPrintElevation&quot;: false, &quot;stickedDistanceInMeter&quot;: -1, &quot;showTextOnPrintElevation&quot;: false}"/>
    </extensions>
  </wpt>
  <wpt lat="46.155954" lon="4.116495">
    <name>81 Chemin des Verchères, Saint-Nizier-sous-Charlieu, 42190</name>
    <sym>1</sym>
    <type>WPT</type>
    <extensions>
      <option option="{&quot;icon&quot;: {&quot;id&quot;: &quot;1&quot;, &quot;i18n&quot;: &quot;Assistants de parcours&quot;, &quot;type&quot;: &quot;default&quot;, &quot;classes&quot;: null, &quot;categorie&quot;: &quot;CATICO-1&quot;, &quot;html_code&quot;: &quot;&amp;#x41&quot;, &quot;description&quot;: null, &quot;custom_order&quot;: 2, &quot;def_svg_symbol_id&quot;: &quot;41&quot;}, &quot;color&quot;: &quot;#26323d&quot;, &quot;title&quot;: &quot;81 Chemin des Verch\u00e8res, Saint-Nizier-sous-Charlieu, 42190&quot;, &quot;bgColor&quot;: &quot;#ffffff&quot;, &quot;content&quot;: &quot;&quot;, &quot;offsetX&quot;: 0, &quot;offsetY&quot;: 0, &quot;tooltip&quot;: {&quot;show&quot;: true, &quot;direction&quot;: &quot;right&quot;, &quot;permanent&quot;: false}, &quot;visibility&quot;: &quot;public&quot;, &quot;showOnPrint&quot;: true, &quot;showOnPrintMap&quot;: false, &quot;showOnElevation&quot;: false, &quot;cumulatedLocation&quot;: false, &quot;showOnPrintElevation&quot;: false, &quot;stickedDistanceInMeter&quot;: -1, &quot;showTextOnPrintElevation&quot;: false}"/>
    </extensions>
  </wpt>
  <wpt lat="46.156471" lon="4.115212">
    <name>202 Chemin des Verchères, Saint-Nizier-sous-Charlieu, 42190</name>
    <sym>1</sym>
    <type>WPT</type>
    <extensions>
      <option option="{&quot;icon&quot;: {&quot;id&quot;: &quot;1&quot;, &quot;i18n&quot;: &quot;Assistants de parcours&quot;, &quot;type&quot;: &quot;default&quot;, &quot;classes&quot;: null, &quot;categorie&quot;: &quot;CATICO-1&quot;, &quot;html_code&quot;: &quot;&amp;#x41&quot;, &quot;description&quot;: null, &quot;custom_order&quot;: 2, &quot;def_svg_symbol_id&quot;: &quot;41&quot;}, &quot;color&quot;: &quot;#26323d&quot;, &quot;title&quot;: &quot;202 Chemin des Verch\u00e8res, Saint-Nizier-sous-Charlieu, 42190&quot;, &quot;bgColor&quot;: &quot;#ffffff&quot;, &quot;content&quot;: &quot;&quot;, &quot;offsetX&quot;: 0, &quot;offsetY&quot;: 0, &quot;tooltip&quot;: {&quot;show&quot;: true, &quot;direction&quot;: &quot;right&quot;, &quot;permanent&quot;: false}, &quot;visibility&quot;: &quot;public&quot;, &quot;showOnPrint&quot;: true, &quot;showOnPrintMap&quot;: false, &quot;showOnElevation&quot;: false, &quot;cumulatedLocation&quot;: false, &quot;showOnPrintElevation&quot;: false, &quot;stickedDistanceInMeter&quot;: -1, &quot;showTextOnPrintElevation&quot;: false}"/>
    </extensions>
  </wpt>
  <wpt lat="46.157898" lon="4.112715">
    <name>454 Chemin des Verchères, Saint-Nizier-sous-Charlieu, 42190</name>
    <sym>1</sym>
    <type>WPT</type>
    <extensions>
      <option option="{&quot;icon&quot;: {&quot;id&quot;: &quot;1&quot;, &quot;i18n&quot;: &quot;Assistants de parcours&quot;, &quot;type&quot;: &quot;default&quot;, &quot;classes&quot;: null, &quot;categorie&quot;: &quot;CATICO-1&quot;, &quot;html_code&quot;: &quot;&amp;#x41&quot;, &quot;description&quot;: null, &quot;custom_order&quot;: 2, &quot;def_svg_symbol_id&quot;: &quot;41&quot;}, &quot;color&quot;: &quot;#26323d&quot;, &quot;title&quot;: &quot;454 Chemin des Verch\u00e8res, Saint-Nizier-sous-Charlieu, 42190&quot;, &quot;bgColor&quot;: &quot;#ffffff&quot;, &quot;content&quot;: &quot;&quot;, &quot;offsetX&quot;: 0, &quot;offsetY&quot;: 0, &quot;tooltip&quot;: {&quot;show&quot;: true, &quot;direction&quot;: &quot;right&quot;, &quot;permanent&quot;: false}, &quot;visibility&quot;: &quot;public&quot;, &quot;showOnPrint&quot;: true, &quot;showOnPrintMap&quot;: false, &quot;showOnElevation&quot;: false, &quot;cumulatedLocation&quot;: false, &quot;showOnPrintElevation&quot;: false, &quot;stickedDistanceInMeter&quot;: -1, &quot;showTextOnPrintElevation&quot;: false}"/>
    </extensions>
  </wpt>
  <wpt lat="46.158797" lon="4.110807">
    <name>639 Chemin des Verchères, Saint-Nizier-sous-Charlieu, 42190</name>
    <sym>1</sym>
    <type>WPT</type>
    <extensions>
      <option option="{&quot;icon&quot;: {&quot;id&quot;: &quot;1&quot;, &quot;i18n&quot;: &quot;Assistants de parcours&quot;, &quot;type&quot;: &quot;default&quot;, &quot;classes&quot;: null, &quot;categorie&quot;: &quot;CATICO-1&quot;, &quot;html_code&quot;: &quot;&amp;#x41&quot;, &quot;description&quot;: null, &quot;custom_order&quot;: 2, &quot;def_svg_symbol_id&quot;: &quot;41&quot;}, &quot;color&quot;: &quot;#26323d&quot;, &quot;title&quot;: &quot;639 Chemin des Verch\u00e8res, Saint-Nizier-sous-Charlieu, 42190&quot;, &quot;bgColor&quot;: &quot;#ffffff&quot;, &quot;content&quot;: &quot;&quot;, &quot;offsetX&quot;: 0, &quot;offsetY&quot;: 0, &quot;tooltip&quot;: {&quot;show&quot;: true, &quot;direction&quot;: &quot;right&quot;, &quot;permanent&quot;: false}, &quot;visibility&quot;: &quot;public&quot;, &quot;showOnPrint&quot;: true, &quot;showOnPrintMap&quot;: false, &quot;showOnElevation&quot;: false, &quot;cumulatedLocation&quot;: false, &quot;showOnPrintElevation&quot;: false, &quot;stickedDistanceInMeter&quot;: -1, &quot;showTextOnPrintElevation&quot;: false}"/>
    </extensions>
  </wpt>
  <wpt lat="46.159334" lon="4.111441">
    <name>100 Allee de la Croix Gauthier, Saint-Nizier-sous-Charlieu, 42190</name>
    <sym>1</sym>
    <type>WPT</type>
    <extensions>
      <option option="{&quot;icon&quot;: {&quot;id&quot;: &quot;1&quot;, &quot;i18n&quot;: &quot;Assistants de parcours&quot;, &quot;type&quot;: &quot;default&quot;, &quot;classes&quot;: null, &quot;categorie&quot;: &quot;CATICO-1&quot;, &quot;html_code&quot;: &quot;&amp;#x41&quot;, &quot;description&quot;: null, &quot;custom_order&quot;: 2, &quot;def_svg_symbol_id&quot;: &quot;41&quot;}, &quot;color&quot;: &quot;#26323d&quot;, &quot;title&quot;: &quot;100 Allee de la Croix Gauthier, Saint-Nizier-sous-Charlieu, 42190&quot;, &quot;bgColor&quot;: &quot;#ffffff&quot;, &quot;content&quot;: &quot;&quot;, &quot;offsetX&quot;: 0, &quot;offsetY&quot;: 0, &quot;tooltip&quot;: {&quot;show&quot;: true, &quot;direction&quot;: &quot;right&quot;, &quot;permanent&quot;: false}, &quot;visibility&quot;: &quot;public&quot;, &quot;showOnPrint&quot;: true, &quot;showOnPrintMap&quot;: false, &quot;showOnElevation&quot;: false, &quot;cumulatedLocation&quot;: false, &quot;showOnPrintElevation&quot;: false, &quot;stickedDistanceInMeter&quot;: -1, &quot;showTextOnPrintElevation&quot;: false}"/>
    </extensions>
  </wpt>
  <wpt lat="46.158966" lon="4.113049">
    <name>1270 Chemin des Cours, Saint-Nizier-sous-Charlieu, 42190</name>
    <sym>1</sym>
    <type>WPT</type>
    <extensions>
      <option option="{&quot;icon&quot;: {&quot;id&quot;: &quot;1&quot;, &quot;i18n&quot;: &quot;Assistants de parcours&quot;, &quot;type&quot;: &quot;default&quot;, &quot;classes&quot;: null, &quot;categorie&quot;: &quot;CATICO-1&quot;, &quot;html_code&quot;: &quot;&amp;#x41&quot;, &quot;description&quot;: null, &quot;custom_order&quot;: 2, &quot;def_svg_symbol_id&quot;: &quot;41&quot;}, &quot;color&quot;: &quot;#26323d&quot;, &quot;title&quot;: &quot;1270 Chemin des Cours, Saint-Nizier-sous-Charlieu, 42190&quot;, &quot;bgColor&quot;: &quot;#ffffff&quot;, &quot;content&quot;: &quot;&quot;, &quot;offsetX&quot;: 0, &quot;offsetY&quot;: 0, &quot;tooltip&quot;: {&quot;show&quot;: true, &quot;direction&quot;: &quot;right&quot;, &quot;permanent&quot;: false}, &quot;visibility&quot;: &quot;public&quot;, &quot;showOnPrint&quot;: true, &quot;showOnPrintMap&quot;: false, &quot;showOnElevation&quot;: false, &quot;cumulatedLocation&quot;: false, &quot;showOnPrintElevation&quot;: false, &quot;stickedDistanceInMeter&quot;: -1, &quot;showTextOnPrintElevation&quot;: false}"/>
    </extensions>
  </wpt>
  <wpt lat="46.158235" lon="4.115341">
    <name>996 Chemin des Cours, Saint-Nizier-sous-Charlieu, 42190</name>
    <sym>1</sym>
    <type>WPT</type>
    <extensions>
      <option option="{&quot;icon&quot;: {&quot;id&quot;: &quot;1&quot;, &quot;i18n&quot;: &quot;Assistants de parcours&quot;, &quot;type&quot;: &quot;default&quot;, &quot;classes&quot;: null, &quot;categorie&quot;: &quot;CATICO-1&quot;, &quot;html_code&quot;: &quot;&amp;#x41&quot;, &quot;description&quot;: null, &quot;custom_order&quot;: 2, &quot;def_svg_symbol_id&quot;: &quot;41&quot;}, &quot;color&quot;: &quot;#26323d&quot;, &quot;title&quot;: &quot;996 Chemin des Cours, Saint-Nizier-sous-Charlieu, 42190&quot;, &quot;bgColor&quot;: &quot;#ffffff&quot;, &quot;content&quot;: &quot;&quot;, &quot;offsetX&quot;: 0, &quot;offsetY&quot;: 0, &quot;tooltip&quot;: {&quot;show&quot;: true, &quot;direction&quot;: &quot;right&quot;, &quot;permanent&quot;: false}, &quot;visibility&quot;: &quot;public&quot;, &quot;showOnPrint&quot;: true, &quot;showOnPrintMap&quot;: false, &quot;showOnElevation&quot;: false, &quot;cumulatedLocation&quot;: false, &quot;showOnPrintElevation&quot;: false, &quot;stickedDistanceInMeter&quot;: -1, &quot;showTextOnPrintElevation&quot;: false}"/>
    </extensions>
  </wpt>
  <wpt lat="46.158172" lon="4.117867">
    <name>858 Chemin des Cours, Saint-Nizier-sous-Charlieu, 42190</name>
    <sym>1</sym>
    <type>WPT</type>
    <extensions>
      <option option="{&quot;icon&quot;: {&quot;id&quot;: &quot;1&quot;, &quot;i18n&quot;: &quot;Assistants de parcours&quot;, &quot;type&quot;: &quot;default&quot;, &quot;classes&quot;: null, &quot;categorie&quot;: &quot;CATICO-1&quot;, &quot;html_code&quot;: &quot;&amp;#x41&quot;, &quot;description&quot;: null, &quot;custom_order&quot;: 2, &quot;def_svg_symbol_id&quot;: &quot;41&quot;}, &quot;color&quot;: &quot;#26323d&quot;, &quot;title&quot;: &quot;858 Chemin des Cours, Saint-Nizier-sous-Charlieu, 42190&quot;, &quot;bgColor&quot;: &quot;#ffffff&quot;, &quot;content&quot;: &quot;&quot;, &quot;offsetX&quot;: 0, &quot;offsetY&quot;: 0, &quot;tooltip&quot;: {&quot;show&quot;: true, &quot;direction&quot;: &quot;right&quot;, &quot;permanent&quot;: false}, &quot;visibility&quot;: &quot;public&quot;, &quot;showOnPrint&quot;: true, &quot;showOnPrintMap&quot;: false, &quot;showOnElevation&quot;: false, &quot;cumulatedLocation&quot;: false, &quot;showOnPrintElevation&quot;: false, &quot;stickedDistanceInMeter&quot;: -1, &quot;showTextOnPrintElevation&quot;: false}"/>
    </extensions>
  </wpt>
  <wpt lat="46.158106" lon="4.118499">
    <name>355 Chemin des Gatilles, Saint-Nizier-sous-Charlieu, 42190</name>
    <sym>1</sym>
    <type>WPT</type>
    <extensions>
      <option option="{&quot;icon&quot;: {&quot;id&quot;: &quot;1&quot;, &quot;i18n&quot;: &quot;Assistants de parcours&quot;, &quot;type&quot;: &quot;default&quot;, &quot;classes&quot;: null, &quot;categorie&quot;: &quot;CATICO-1&quot;, &quot;html_code&quot;: &quot;&amp;#x41&quot;, &quot;description&quot;: null, &quot;custom_order&quot;: 2, &quot;def_svg_symbol_id&quot;: &quot;41&quot;}, &quot;color&quot;: &quot;#26323d&quot;, &quot;title&quot;: &quot;355 Chemin des Gatilles, Saint-Nizier-sous-Charlieu, 42190&quot;, &quot;bgColor&quot;: &quot;#ffffff&quot;, &quot;content&quot;: &quot;&quot;, &quot;offsetX&quot;: 0, &quot;offsetY&quot;: 0, &quot;tooltip&quot;: {&quot;show&quot;: true, &quot;direction&quot;: &quot;right&quot;, &quot;permanent&quot;: false}, &quot;visibility&quot;: &quot;public&quot;, &quot;showOnPrint&quot;: true, &quot;showOnPrintMap&quot;: false, &quot;showOnElevation&quot;: false, &quot;cumulatedLocation&quot;: false, &quot;showOnPrintElevation&quot;: false, &quot;stickedDistanceInMeter&quot;: -1, &quot;showTextOnPrintElevation&quot;: false}"/>
    </extensions>
  </wpt>
  <wpt lat="46.158036" lon="4.119041">
    <name>413 Chemin des Gatilles, Saint-Nizier-sous-Charlieu, 42190</name>
    <sym>1</sym>
    <type>WPT</type>
    <extensions>
      <option option="{&quot;icon&quot;: {&quot;id&quot;: &quot;1&quot;, &quot;i18n&quot;: &quot;Assistants de parcours&quot;, &quot;type&quot;: &quot;default&quot;, &quot;classes&quot;: null, &quot;categorie&quot;: &quot;CATICO-1&quot;, &quot;html_code&quot;: &quot;&amp;#x41&quot;, &quot;description&quot;: null, &quot;custom_order&quot;: 2, &quot;def_svg_symbol_id&quot;: &quot;41&quot;}, &quot;color&quot;: &quot;#26323d&quot;, &quot;title&quot;: &quot;413 Chemin des Gatilles, Saint-Nizier-sous-Charlieu, 42190&quot;, &quot;bgColor&quot;: &quot;#ffffff&quot;, &quot;content&quot;: &quot;&quot;, &quot;offsetX&quot;: 0, &quot;offsetY&quot;: 0, &quot;tooltip&quot;: {&quot;show&quot;: true, &quot;direction&quot;: &quot;right&quot;, &quot;permanent&quot;: false}, &quot;visibility&quot;: &quot;public&quot;, &quot;showOnPrint&quot;: true, &quot;showOnPrintMap&quot;: false, &quot;showOnElevation&quot;: false, &quot;cumulatedLocation&quot;: false, &quot;showOnPrintElevation&quot;: false, &quot;stickedDistanceInMeter&quot;: -1, &quot;showTextOnPrintElevation&quot;: false}"/>
    </extensions>
  </wpt>
  <wpt lat="46.153693" lon="4.12308">
    <name>2 Rue de l'Eglise, Saint-Nizier-sous-Charlieu, 42190</name>
    <sym>1</sym>
    <type>WPT</type>
    <extensions>
      <option option="{&quot;icon&quot;: {&quot;id&quot;: &quot;1&quot;, &quot;i18n&quot;: &quot;Assistants de parcours&quot;, &quot;type&quot;: &quot;default&quot;, &quot;classes&quot;: null, &quot;categorie&quot;: &quot;CATICO-1&quot;, &quot;html_code&quot;: &quot;&amp;#x41&quot;, &quot;description&quot;: null, &quot;custom_order&quot;: 2, &quot;def_svg_symbol_id&quot;: &quot;41&quot;}, &quot;color&quot;: &quot;#26323d&quot;, &quot;title&quot;: &quot;2 Rue de l'Eglise, Saint-Nizier-sous-Charlieu, 42190&quot;, &quot;bgColor&quot;: &quot;#ffffff&quot;, &quot;content&quot;: &quot;&quot;, &quot;offsetX&quot;: 0, &quot;offsetY&quot;: 0, &quot;tooltip&quot;: {&quot;show&quot;: true, &quot;direction&quot;: &quot;right&quot;, &quot;permanent&quot;: false}, &quot;visibility&quot;: &quot;public&quot;, &quot;showOnPrint&quot;: true, &quot;showOnPrintMap&quot;: false, &quot;showOnElevation&quot;: false, &quot;cumulatedLocation&quot;: false, &quot;showOnPrintElevation&quot;: false, &quot;stickedDistanceInMeter&quot;: -1, &quot;showTextOnPrintElevation&quot;: false}"/>
    </extensions>
  </wpt>
  <wpt lat="46.153669" lon="4.121338">
    <name>158 Rue de la Republique, Saint-Nizier-sous-Charlieu, 42190</name>
    <sym>1</sym>
    <type>WPT</type>
    <extensions>
      <option option="{&quot;icon&quot;: {&quot;id&quot;: &quot;1&quot;, &quot;i18n&quot;: &quot;Assistants de parcours&quot;, &quot;type&quot;: &quot;default&quot;, &quot;classes&quot;: null, &quot;categorie&quot;: &quot;CATICO-1&quot;, &quot;html_code&quot;: &quot;&amp;#x41&quot;, &quot;description&quot;: null, &quot;custom_order&quot;: 2, &quot;def_svg_symbol_id&quot;: &quot;41&quot;}, &quot;color&quot;: &quot;#26323d&quot;, &quot;title&quot;: &quot;158 Rue de la Republique, Saint-Nizier-sous-Charlieu, 42190&quot;, &quot;bgColor&quot;: &quot;#ffffff&quot;, &quot;content&quot;: &quot;&quot;, &quot;offsetX&quot;: 0, &quot;offsetY&quot;: 0, &quot;tooltip&quot;: {&quot;show&quot;: true, &quot;direction&quot;: &quot;right&quot;, &quot;permanent&quot;: false}, &quot;visibility&quot;: &quot;public&quot;, &quot;showOnPrint&quot;: true, &quot;showOnPrintMap&quot;: false, &quot;showOnElevation&quot;: false, &quot;cumulatedLocation&quot;: false, &quot;showOnPrintElevation&quot;: false, &quot;stickedDistanceInMeter&quot;: -1, &quot;showTextOnPrintElevation&quot;: false}"/>
    </extensions>
  </wpt>
  <wpt lat="46.153669" lon="4.12134">
    <name>158 Rue de la Republique, Saint-Nizier-sous-Charlieu, 42190</name>
    <sym>1</sym>
    <type>WPT</type>
    <extensions>
      <option option="{&quot;icon&quot;: {&quot;id&quot;: &quot;1&quot;, &quot;i18n&quot;: &quot;Assistants de parcours&quot;, &quot;type&quot;: &quot;default&quot;, &quot;classes&quot;: null, &quot;categorie&quot;: &quot;CATICO-1&quot;, &quot;html_code&quot;: &quot;&amp;#x41&quot;, &quot;description&quot;: null, &quot;custom_order&quot;: 2, &quot;def_svg_symbol_id&quot;: &quot;41&quot;}, &quot;color&quot;: &quot;#26323d&quot;, &quot;title&quot;: &quot;158 Rue de la Republique, Saint-Nizier-sous-Charlieu, 42190&quot;, &quot;bgColor&quot;: &quot;#ffffff&quot;, &quot;content&quot;: &quot;&quot;, &quot;offsetX&quot;: 0, &quot;offsetY&quot;: 0, &quot;tooltip&quot;: {&quot;show&quot;: true, &quot;direction&quot;: &quot;right&quot;, &quot;permanent&quot;: false}, &quot;visibility&quot;: &quot;public&quot;, &quot;showOnPrint&quot;: true, &quot;showOnPrintMap&quot;: false, &quot;showOnElevation&quot;: false, &quot;cumulatedLocation&quot;: false, &quot;showOnPrintElevation&quot;: false, &quot;stickedDistanceInMeter&quot;: -1, &quot;showTextOnPrintElevation&quot;: false}"/>
    </extensions>
  </wpt>
  <wpt lat="46.153651" lon="4.12088">
    <name>111 Rue de la Republique, Saint-Nizier-sous-Charlieu, 42190</name>
    <sym>1</sym>
    <type>WPT</type>
    <extensions>
      <option option="{&quot;icon&quot;: {&quot;id&quot;: &quot;1&quot;, &quot;i18n&quot;: &quot;Assistants de parcours&quot;, &quot;type&quot;: &quot;default&quot;, &quot;classes&quot;: null, &quot;categorie&quot;: &quot;CATICO-1&quot;, &quot;html_code&quot;: &quot;&amp;#x41&quot;, &quot;description&quot;: null, &quot;custom_order&quot;: 2, &quot;def_svg_symbol_id&quot;: &quot;41&quot;}, &quot;color&quot;: &quot;#26323d&quot;, &quot;title&quot;: &quot;111 Rue de la Republique, Saint-Nizier-sous-Charlieu, 42190&quot;, &quot;bgColor&quot;: &quot;#ffffff&quot;, &quot;content&quot;: &quot;&quot;, &quot;offsetX&quot;: 0, &quot;offsetY&quot;: 0, &quot;tooltip&quot;: {&quot;show&quot;: true, &quot;direction&quot;: &quot;right&quot;, &quot;permanent&quot;: false}, &quot;visibility&quot;: &quot;public&quot;, &quot;showOnPrint&quot;: true, &quot;showOnPrintMap&quot;: false, &quot;showOnElevation&quot;: false, &quot;cumulatedLocation&quot;: false, &quot;showOnPrintElevation&quot;: false, &quot;stickedDistanceInMeter&quot;: -1, &quot;showTextOnPrintElevation&quot;: false}"/>
    </extensions>
  </wpt>
  <wpt lat="46.153492" lon="4.119245">
    <name>10 Route du Sornin, Saint-Nizier-sous-Charlieu, 42190</name>
    <sym>1</sym>
    <type>WPT</type>
    <extensions>
      <option option="{&quot;icon&quot;: {&quot;id&quot;: &quot;1&quot;, &quot;i18n&quot;: &quot;Assistants de parcours&quot;, &quot;type&quot;: &quot;default&quot;, &quot;classes&quot;: null, &quot;categorie&quot;: &quot;CATICO-1&quot;, &quot;html_code&quot;: &quot;&amp;#x41&quot;, &quot;description&quot;: null, &quot;custom_order&quot;: 2, &quot;def_svg_symbol_id&quot;: &quot;41&quot;}, &quot;color&quot;: &quot;#26323d&quot;, &quot;title&quot;: &quot;10 Route du Sornin, Saint-Nizier-sous-Charlieu, 42190&quot;, &quot;bgColor&quot;: &quot;#ffffff&quot;, &quot;content&quot;: &quot;&quot;, &quot;offsetX&quot;: 0, &quot;offsetY&quot;: 0, &quot;tooltip&quot;: {&quot;show&quot;: true, &quot;direction&quot;: &quot;right&quot;, &quot;permanent&quot;: false}, &quot;visibility&quot;: &quot;public&quot;, &quot;showOnPrint&quot;: true, &quot;showOnPrintMap&quot;: false, &quot;showOnElevation&quot;: false, &quot;cumulatedLocation&quot;: false, &quot;showOnPrintElevation&quot;: false, &quot;stickedDistanceInMeter&quot;: -1, &quot;showTextOnPrintElevation&quot;: false}"/>
    </extensions>
  </wpt>
  <wpt lat="46.152861" lon="4.117878">
    <name>132 Route du Sornin, Saint-Nizier-sous-Charlieu, 42190</name>
    <sym>1</sym>
    <type>WPT</type>
    <extensions>
      <option option="{&quot;icon&quot;: {&quot;id&quot;: &quot;1&quot;, &quot;i18n&quot;: &quot;Assistants de parcours&quot;, &quot;type&quot;: &quot;default&quot;, &quot;classes&quot;: null, &quot;categorie&quot;: &quot;CATICO-1&quot;, &quot;html_code&quot;: &quot;&amp;#x41&quot;, &quot;description&quot;: null, &quot;custom_order&quot;: 2, &quot;def_svg_symbol_id&quot;: &quot;41&quot;}, &quot;color&quot;: &quot;#26323d&quot;, &quot;title&quot;: &quot;132 Route du Sornin, Saint-Nizier-sous-Charlieu, 42190&quot;, &quot;bgColor&quot;: &quot;#ffffff&quot;, &quot;content&quot;: &quot;&quot;, &quot;offsetX&quot;: 0, &quot;offsetY&quot;: 0, &quot;tooltip&quot;: {&quot;show&quot;: true, &quot;direction&quot;: &quot;right&quot;, &quot;permanent&quot;: false}, &quot;visibility&quot;: &quot;public&quot;, &quot;showOnPrint&quot;: true, &quot;showOnPrintMap&quot;: false, &quot;showOnElevation&quot;: false, &quot;cumulatedLocation&quot;: false, &quot;showOnPrintElevation&quot;: false, &quot;stickedDistanceInMeter&quot;: -1, &quot;showTextOnPrintElevation&quot;: false}"/>
    </extensions>
  </wpt>
  <wpt lat="46.152433" lon="4.118365">
    <name>113g Route du Sornin, Saint-Nizier-sous-Charlieu, 42190</name>
    <sym>1</sym>
    <type>WPT</type>
    <extensions>
      <option option="{&quot;icon&quot;: {&quot;id&quot;: &quot;1&quot;, &quot;i18n&quot;: &quot;Assistants de parcours&quot;, &quot;type&quot;: &quot;default&quot;, &quot;classes&quot;: null, &quot;categorie&quot;: &quot;CATICO-1&quot;, &quot;html_code&quot;: &quot;&amp;#x41&quot;, &quot;description&quot;: null, &quot;custom_order&quot;: 2, &quot;def_svg_symbol_id&quot;: &quot;41&quot;}, &quot;color&quot;: &quot;#26323d&quot;, &quot;title&quot;: &quot;113g Route du Sornin, Saint-Nizier-sous-Charlieu, 42190&quot;, &quot;bgColor&quot;: &quot;#ffffff&quot;, &quot;content&quot;: &quot;&quot;, &quot;offsetX&quot;: 0, &quot;offsetY&quot;: 0, &quot;tooltip&quot;: {&quot;show&quot;: true, &quot;direction&quot;: &quot;right&quot;, &quot;permanent&quot;: false}, &quot;visibility&quot;: &quot;public&quot;, &quot;showOnPrint&quot;: true, &quot;showOnPrintMap&quot;: false, &quot;showOnElevation&quot;: false, &quot;cumulatedLocation&quot;: false, &quot;showOnPrintElevation&quot;: false, &quot;stickedDistanceInMeter&quot;: -1, &quot;showTextOnPrintElevation&quot;: false}"/>
    </extensions>
  </wpt>
  <wpt lat="46.151858" lon="4.121239">
    <name>172 Allée Vauvrille, Saint-Nizier-sous-Charlieu, 42190</name>
    <sym>1</sym>
    <type>WPT</type>
    <extensions>
      <option option="{&quot;icon&quot;: {&quot;id&quot;: &quot;1&quot;, &quot;i18n&quot;: &quot;Assistants de parcours&quot;, &quot;type&quot;: &quot;default&quot;, &quot;classes&quot;: null, &quot;categorie&quot;: &quot;CATICO-1&quot;, &quot;html_code&quot;: &quot;&amp;#x41&quot;, &quot;description&quot;: null, &quot;custom_order&quot;: 2, &quot;def_svg_symbol_id&quot;: &quot;41&quot;}, &quot;color&quot;: &quot;#26323d&quot;, &quot;title&quot;: &quot;172 All\u00e9e Vauvrille, Saint-Nizier-sous-Charlieu, 42190&quot;, &quot;bgColor&quot;: &quot;#ffffff&quot;, &quot;content&quot;: &quot;&quot;, &quot;offsetX&quot;: 0, &quot;offsetY&quot;: 0, &quot;tooltip&quot;: {&quot;show&quot;: true, &quot;direction&quot;: &quot;right&quot;, &quot;permanent&quot;: false}, &quot;visibility&quot;: &quot;public&quot;, &quot;showOnPrint&quot;: true, &quot;showOnPrintMap&quot;: false, &quot;showOnElevation&quot;: false, &quot;cumulatedLocation&quot;: false, &quot;showOnPrintElevation&quot;: false, &quot;stickedDistanceInMeter&quot;: -1, &quot;showTextOnPrintElevation&quot;: false}"/>
    </extensions>
  </wpt>
  <wpt lat="46.151391" lon="4.124593">
    <name>531 Rue de la Republique, Saint-Nizier-sous-Charlieu, 42190</name>
    <sym>1</sym>
    <type>WPT</type>
    <extensions>
      <option option="{&quot;icon&quot;: {&quot;id&quot;: &quot;1&quot;, &quot;i18n&quot;: &quot;Assistants de parcours&quot;, &quot;type&quot;: &quot;default&quot;, &quot;classes&quot;: null, &quot;categorie&quot;: &quot;CATICO-1&quot;, &quot;html_code&quot;: &quot;&amp;#x41&quot;, &quot;description&quot;: null, &quot;custom_order&quot;: 2, &quot;def_svg_symbol_id&quot;: &quot;41&quot;}, &quot;color&quot;: &quot;#26323d&quot;, &quot;title&quot;: &quot;531 Rue de la Republique, Saint-Nizier-sous-Charlieu, 42190&quot;, &quot;bgColor&quot;: &quot;#ffffff&quot;, &quot;content&quot;: &quot;&quot;, &quot;offsetX&quot;: 0, &quot;offsetY&quot;: 0, &quot;tooltip&quot;: {&quot;show&quot;: true, &quot;direction&quot;: &quot;right&quot;, &quot;permanent&quot;: false}, &quot;visibility&quot;: &quot;public&quot;, &quot;showOnPrint&quot;: true, &quot;showOnPrintMap&quot;: false, &quot;showOnElevation&quot;: false, &quot;cumulatedLocation&quot;: false, &quot;showOnPrintElevation&quot;: false, &quot;stickedDistanceInMeter&quot;: -1, &quot;showTextOnPrintElevation&quot;: false}"/>
    </extensions>
  </wpt>
  <wpt lat="46.151463" lon="4.124753">
    <name>531 Rue de la Republique, Saint-Nizier-sous-Charlieu, 42190</name>
    <sym>1</sym>
    <type>WPT</type>
    <extensions>
      <option option="{&quot;icon&quot;: {&quot;id&quot;: &quot;1&quot;, &quot;i18n&quot;: &quot;Assistants de parcours&quot;, &quot;type&quot;: &quot;default&quot;, &quot;classes&quot;: null, &quot;categorie&quot;: &quot;CATICO-1&quot;, &quot;html_code&quot;: &quot;&amp;#x41&quot;, &quot;description&quot;: null, &quot;custom_order&quot;: 2, &quot;def_svg_symbol_id&quot;: &quot;41&quot;}, &quot;color&quot;: &quot;#26323d&quot;, &quot;title&quot;: &quot;531 Rue de la Republique, Saint-Nizier-sous-Charlieu, 42190&quot;, &quot;bgColor&quot;: &quot;#ffffff&quot;, &quot;content&quot;: &quot;&quot;, &quot;offsetX&quot;: 0, &quot;offsetY&quot;: 0, &quot;tooltip&quot;: {&quot;show&quot;: true, &quot;direction&quot;: &quot;right&quot;, &quot;permanent&quot;: false}, &quot;visibility&quot;: &quot;public&quot;, &quot;showOnPrint&quot;: true, &quot;showOnPrintMap&quot;: false, &quot;showOnElevation&quot;: false, &quot;cumulatedLocation&quot;: false, &quot;showOnPrintElevation&quot;: false, &quot;stickedDistanceInMeter&quot;: -1, &quot;showTextOnPrintElevation&quot;: false}"/>
    </extensions>
  </wpt>
  <wpt lat="46.152248" lon="4.12388">
    <name>434 Rue de la Republique, Saint-Nizier-sous-Charlieu, 42190</name>
    <sym>1</sym>
    <type>WPT</type>
    <extensions>
      <option option="{&quot;icon&quot;: {&quot;id&quot;: &quot;1&quot;, &quot;i18n&quot;: &quot;Assistants de parcours&quot;, &quot;type&quot;: &quot;default&quot;, &quot;classes&quot;: null, &quot;categorie&quot;: &quot;CATICO-1&quot;, &quot;html_code&quot;: &quot;&amp;#x41&quot;, &quot;description&quot;: null, &quot;custom_order&quot;: 2, &quot;def_svg_symbol_id&quot;: &quot;41&quot;}, &quot;color&quot;: &quot;#26323d&quot;, &quot;title&quot;: &quot;434 Rue de la Republique, Saint-Nizier-sous-Charlieu, 42190&quot;, &quot;bgColor&quot;: &quot;#ffffff&quot;, &quot;content&quot;: &quot;&quot;, &quot;offsetX&quot;: 0, &quot;offsetY&quot;: 0, &quot;tooltip&quot;: {&quot;show&quot;: true, &quot;direction&quot;: &quot;right&quot;, &quot;permanent&quot;: false}, &quot;visibility&quot;: &quot;public&quot;, &quot;showOnPrint&quot;: true, &quot;showOnPrintMap&quot;: false, &quot;showOnElevation&quot;: false, &quot;cumulatedLocation&quot;: false, &quot;showOnPrintElevation&quot;: false, &quot;stickedDistanceInMeter&quot;: -1, &quot;showTextOnPrintElevation&quot;: false}"/>
    </extensions>
  </wpt>
  <wpt lat="46.152589" lon="4.124214">
    <name>Place des Chênes, Saint-Nizier-sous-Charlieu, 42190</name>
    <sym>1</sym>
    <type>WPT</type>
    <extensions>
      <option option="{&quot;icon&quot;: {&quot;id&quot;: &quot;1&quot;, &quot;i18n&quot;: &quot;Assistants de parcours&quot;, &quot;type&quot;: &quot;default&quot;, &quot;classes&quot;: null, &quot;categorie&quot;: &quot;CATICO-1&quot;, &quot;html_code&quot;: &quot;&amp;#x41&quot;, &quot;description&quot;: null, &quot;custom_order&quot;: 2, &quot;def_svg_symbol_id&quot;: &quot;41&quot;}, &quot;color&quot;: &quot;#26323d&quot;, &quot;title&quot;: &quot;Place des Ch\u00eanes, Saint-Nizier-sous-Charlieu, 42190&quot;, &quot;bgColor&quot;: &quot;#ffffff&quot;, &quot;content&quot;: &quot;&quot;, &quot;offsetX&quot;: 0, &quot;offsetY&quot;: 0, &quot;tooltip&quot;: {&quot;show&quot;: true, &quot;direction&quot;: &quot;right&quot;, &quot;permanent&quot;: false}, &quot;visibility&quot;: &quot;public&quot;, &quot;showOnPrint&quot;: true, &quot;showOnPrintMap&quot;: false, &quot;showOnElevation&quot;: false, &quot;cumulatedLocation&quot;: false, &quot;showOnPrintElevation&quot;: false, &quot;stickedDistanceInMeter&quot;: -1, &quot;showTextOnPrintElevation&quot;: false}"/>
    </extensions>
  </wpt>
  <wpt lat="46.152864" lon="4.124508">
    <name>68 Place des Chênes, Saint-Nizier-sous-Charlieu, 42190</name>
    <sym>1</sym>
    <type>WPT</type>
    <extensions>
      <option option="{&quot;icon&quot;: {&quot;id&quot;: &quot;1&quot;, &quot;i18n&quot;: &quot;Assistants de parcours&quot;, &quot;type&quot;: &quot;default&quot;, &quot;classes&quot;: null, &quot;categorie&quot;: &quot;CATICO-1&quot;, &quot;html_code&quot;: &quot;&amp;#x41&quot;, &quot;description&quot;: null, &quot;custom_order&quot;: 2, &quot;def_svg_symbol_id&quot;: &quot;41&quot;}, &quot;color&quot;: &quot;#26323d&quot;, &quot;title&quot;: &quot;68 Place des Ch\u00eanes, Saint-Nizier-sous-Charlieu, 42190&quot;, &quot;bgColor&quot;: &quot;#ffffff&quot;, &quot;content&quot;: &quot;&quot;, &quot;offsetX&quot;: 0, &quot;offsetY&quot;: 0, &quot;tooltip&quot;: {&quot;show&quot;: true, &quot;direction&quot;: &quot;right&quot;, &quot;permanent&quot;: false}, &quot;visibility&quot;: &quot;public&quot;, &quot;showOnPrint&quot;: true, &quot;showOnPrintMap&quot;: false, &quot;showOnElevation&quot;: false, &quot;cumulatedLocation&quot;: false, &quot;showOnPrintElevation&quot;: false, &quot;stickedDistanceInMeter&quot;: -1, &quot;showTextOnPrintElevation&quot;: false}"/>
    </extensions>
  </wpt>
  <wpt lat="46.153635" lon="4.12064">
    <name>111 Rue de la Republique, Saint-Nizier-sous-Charlieu, 42190</name>
    <sym>1</sym>
    <type>WPT</type>
    <extensions>
      <option option="{&quot;icon&quot;: {&quot;id&quot;: &quot;1&quot;, &quot;i18n&quot;: &quot;Assistants de parcours&quot;, &quot;type&quot;: &quot;default&quot;, &quot;classes&quot;: null, &quot;categorie&quot;: &quot;CATICO-1&quot;, &quot;html_code&quot;: &quot;&amp;#x41&quot;, &quot;description&quot;: null, &quot;custom_order&quot;: 2, &quot;def_svg_symbol_id&quot;: &quot;41&quot;}, &quot;color&quot;: &quot;#26323d&quot;, &quot;title&quot;: &quot;111 Rue de la Republique, Saint-Nizier-sous-Charlieu, 42190&quot;, &quot;bgColor&quot;: &quot;#ffffff&quot;, &quot;content&quot;: &quot;&quot;, &quot;offsetX&quot;: 0, &quot;offsetY&quot;: 0, &quot;tooltip&quot;: {&quot;show&quot;: true, &quot;direction&quot;: &quot;right&quot;, &quot;permanent&quot;: false}, &quot;visibility&quot;: &quot;public&quot;, &quot;showOnPrint&quot;: true, &quot;showOnPrintMap&quot;: false, &quot;showOnElevation&quot;: false, &quot;cumulatedLocation&quot;: false, &quot;showOnPrintElevation&quot;: false, &quot;stickedDistanceInMeter&quot;: -1, &quot;showTextOnPrintElevation&quot;: false}"/>
    </extensions>
  </wpt>
</gpx>
